2025-11-21 15:34:51,330 - __main__ - INFO - ============================================================
2025-11-21 15:34:51,330 - __main__ - INFO - 네이버 클라우드 플랫폼 월간 리포트 생성 프로그램 시작
2025-11-21 15:34:51,330 - __main__ - INFO - ============================================================
2025-11-21 15:35:35,324 - __main__ - INFO - ============================================================
2025-11-21 15:35:35,324 - __main__ - INFO - 네이버 클라우드 플랫폼 월간 리포트 생성 프로그램 시작
2025-11-21 15:35:35,324 - __main__ - INFO - ============================================================
2025-11-21 15:36:29,827 - __main__ - INFO - ============================================================
2025-11-21 15:36:29,828 - __main__ - INFO - 네이버 클라우드 플랫폼 월간 리포트 생성 프로그램 시작
2025-11-21 15:36:29,828 - __main__ - INFO - ============================================================
2025-11-21 15:36:29,828 - utils.common_rest - INFO - [API Request] GET https://ncloud.apigw.ntruss.com/vserver/v2/getServerInstanceList?responseFormatType=json&regionCode=KR
2025-11-21 15:36:30,662 - utils.common_rest - INFO - [API Response] Status: 200
2025-11-21 15:36:30,663 - utils.common_rest - INFO -   - Response Type: Dict
2025-11-21 15:36:30,663 - utils.common_rest - INFO -   - Response Keys: ['getServerInstanceListResponse']
2025-11-21 15:36:30,663 - utils.common_rest - INFO -   - Response Body (first 1000 chars): {
  "getServerInstanceListResponse": {
    "totalRows": 21,
    "serverInstanceList": [
      {
        "serverInstanceNo": "113565882",
        "serverName": "ops-np-w-d7cd",
        "serverDescription": "Service Group 113565831's server",
        "cpuCount": 2,
        "memorySize": 8589934592,
        "platformType": {
          "code": "UBD64",
          "codeName": "Ubuntu Desktop 64 Bit"
        },
        "loginKeyName": "devops-cert",
        "serverInstanceStatus": {
          "code": "RUN",
          "codeName": "서버 RUN 상태"
        },
        "serverInstanceOperation": {
          "code": "NULL",
          "codeName": "서버 NULL OP"
        },
        "serverInstanceStatusName": "running",
        "createDate": "2025-11-14T10:57:51+0900",
        "uptime": "2025-11-14T11:00:39+0900",
        "serverImageProductCode": "SW.VSVR.OS.LNX64.UBNTU.SVR24.WRKND.G003",
        "serverProductCode": "SVR.VSVR.AMD.STAND.C002.M008.G003",
        "isProtectServerTermination": true,
        "z...
2025-11-25 13:37:08,474 - __main__ - INFO - ============================================================
2025-11-25 13:37:08,474 - __main__ - INFO - 네이버 클라우드 플랫폼 월간 리포트 생성 프로그램 시작
2025-11-25 13:37:08,474 - __main__ - INFO - ============================================================
2025-11-25 13:55:37,349 - __main__ - INFO - ============================================================
2025-11-25 13:55:37,349 - __main__ - INFO - 네이버 클라우드 플랫폼 월간 리포트 생성 프로그램 시작
2025-11-25 13:55:37,350 - __main__ - INFO - ============================================================
2025-11-25 14:07:10,919 - __main__ - INFO - ============================================================
2025-11-25 14:07:10,919 - __main__ - INFO - 네이버 클라우드 플랫폼 월간 리포트 생성 프로그램 시작
2025-11-25 14:07:10,920 - __main__ - INFO - ============================================================
2025-11-25 14:07:23,903 - __main__ - INFO - ============================================================
2025-11-25 14:07:23,904 - __main__ - INFO - 네이버 클라우드 플랫폼 월간 리포트 생성 프로그램 시작
2025-11-25 14:07:23,904 - __main__ - INFO - ============================================================
2025-11-25 14:07:23,904 - utils.common_rest - INFO - [API Request] GET https://billingapi.apigw.gov-ntruss.com/billing/v1/region/getRegionList?responseFormatType=json
2025-11-25 14:07:24,329 - utils.common_rest - WARNING - Request failed (attempt 1/3): 401 Client Error: Unauthorized for url: https://billingapi.apigw.gov-ntruss.com/billing/v1/region/getRegionList?responseFormatType=json
2025-11-25 14:07:24,330 - utils.common_rest - INFO - Retrying in 1 seconds...
2025-11-25 14:07:25,347 - utils.common_rest - WARNING - Request failed (attempt 2/3): 401 Client Error: Unauthorized for url: https://billingapi.apigw.gov-ntruss.com/billing/v1/region/getRegionList?responseFormatType=json
2025-11-25 14:07:25,348 - utils.common_rest - INFO - Retrying in 2 seconds...
2025-11-25 14:07:27,385 - utils.common_rest - ERROR - Request failed after 3 attempts: 401 Client Error: Unauthorized for url: https://billingapi.apigw.gov-ntruss.com/billing/v1/region/getRegionList?responseFormatType=json
2025-11-25 14:30:26,863 - __main__ - INFO - ============================================================
2025-11-25 14:30:26,863 - __main__ - INFO - 네이버 클라우드 플랫폼 월간 리포트 생성 프로그램 시작
2025-11-25 14:30:26,863 - __main__ - INFO - ============================================================
2025-11-25 14:30:26,864 - utils.common_rest - INFO - [API Request] GET https://billingapi.apigw.gov-ntruss.com/billing/v1/region/getRegionList?responseFormatType=json
2025-11-25 14:30:27,405 - utils.common_rest - WARNING - Request failed (attempt 1/3): 401 Client Error: Unauthorized for url: https://billingapi.apigw.gov-ntruss.com/billing/v1/region/getRegionList?responseFormatType=json
2025-11-25 14:30:27,406 - utils.common_rest - INFO - Retrying in 1 seconds...
2025-11-25 14:30:28,419 - utils.common_rest - WARNING - Request failed (attempt 2/3): 401 Client Error: Unauthorized for url: https://billingapi.apigw.gov-ntruss.com/billing/v1/region/getRegionList?responseFormatType=json
2025-11-25 14:30:28,419 - utils.common_rest - INFO - Retrying in 2 seconds...
2025-11-25 14:30:30,431 - utils.common_rest - ERROR - Request failed after 3 attempts: 401 Client Error: Unauthorized for url: https://billingapi.apigw.gov-ntruss.com/billing/v1/region/getRegionList?responseFormatType=json
2025-11-25 14:34:06,420 - __main__ - INFO - ============================================================
2025-11-25 14:34:06,420 - __main__ - INFO - 네이버 클라우드 플랫폼 월간 리포트 생성 프로그램 시작
2025-11-25 14:34:06,421 - __main__ - INFO - ============================================================
2025-11-25 14:34:06,421 - utils.common_rest - INFO - [API Request] GET https://billingapi.apigw.ntruss.com/billing/v1/region/getRegionList?responseFormatType=json
2025-11-25 14:34:06,761 - utils.common_rest - INFO - [API Response] Status: 200
2025-11-25 14:34:06,761 - utils.common_rest - INFO -   - Response Type: Dict
2025-11-25 14:34:06,761 - utils.common_rest - INFO -   - Response Keys: ['getRegionListResponse']
2025-11-25 14:34:06,762 - utils.common_rest - INFO -   - Response Body: {
  "getRegionListResponse": {
    "totalRows": 6,
    "regionList": [
      {
        "regionNo": 0,
        "regionCode": "COM",
        "regionName": "Common"
      },
      {
        "regionNo": 1,
        "regionCode": "KR",
        "regionName": "Korea"
      },
      {
        "regionNo": 7,
        "regionCode": "SGN",
        "regionName": "Singapore(New)"
      },
      {
        "regionNo": 8,
        "regionCode": "JPN",
        "regionName": "Japan(New)"
      },
      {
        "regionNo": 9,
        "regionCode": "USWN",
        "regionName": "US-West(New)"
      },
      {
        "regionNo": 10,
        "regionCode": "DEN",
        "regionName": "Germany(New)"
      }
    ],
    "requestId": "e40b6b50-0d09-4892-a6a3-5d759c54090f",
    "returnCode": "0",
    "returnMessage": "success"
  }
}
2025-11-25 14:46:00,793 - __main__ - INFO - ============================================================
2025-11-25 14:46:00,793 - __main__ - INFO - 네이버 클라우드 플랫폼 월간 리포트 생성 프로그램 시작
2025-11-25 14:46:00,793 - __main__ - INFO - ============================================================
2025-11-25 14:46:00,794 - utils.common_rest - INFO - [API Request] GET https://ncr.apigw.ntruss.com/ncr/api/v2/repositories?responseFormatType=json
2025-11-25 14:46:01,351 - utils.common_rest - WARNING - Request failed (attempt 1/3): 403 Client Error: Forbidden for url: https://ncr.apigw.ntruss.com/ncr/api/v2/repositories?responseFormatType=json
2025-11-25 14:46:01,351 - utils.common_rest - INFO - Retrying in 1 seconds...
2025-11-25 14:46:02,529 - utils.common_rest - WARNING - Request failed (attempt 2/3): 403 Client Error: Forbidden for url: https://ncr.apigw.ntruss.com/ncr/api/v2/repositories?responseFormatType=json
2025-11-25 14:46:02,529 - utils.common_rest - INFO - Retrying in 2 seconds...
2025-11-25 14:46:04,734 - utils.common_rest - ERROR - Request failed after 3 attempts: 403 Client Error: Forbidden for url: https://ncr.apigw.ntruss.com/ncr/api/v2/repositories?responseFormatType=json
2025-11-26 10:15:17,486 - __main__ - INFO - ============================================================
2025-11-26 10:15:17,486 - __main__ - INFO - 네이버 클라우드 플랫폼 월간 리포트 생성 프로그램 시작
2025-11-26 10:15:17,487 - __main__ - INFO - ============================================================
2025-11-26 10:15:17,487 - utils.common_rest - INFO - [API Request] GET https://ncr.apigw.ntruss.com/ncr/api/v2/repositories?responseFormatType=json
2025-11-26 10:15:18,044 - utils.common_rest - WARNING - Request failed (attempt 1/3): 403 Client Error: Forbidden for url: https://ncr.apigw.ntruss.com/ncr/api/v2/repositories?responseFormatType=json
2025-11-26 10:15:18,044 - utils.common_rest - INFO - Retrying in 1 seconds...
2025-11-26 10:15:19,380 - utils.common_rest - WARNING - Request failed (attempt 2/3): 403 Client Error: Forbidden for url: https://ncr.apigw.ntruss.com/ncr/api/v2/repositories?responseFormatType=json
2025-11-26 10:15:19,380 - utils.common_rest - INFO - Retrying in 2 seconds...
2025-11-26 10:15:21,595 - utils.common_rest - ERROR - Request failed after 3 attempts: 403 Client Error: Forbidden for url: https://ncr.apigw.ntruss.com/ncr/api/v2/repositories?responseFormatType=json
2025-11-26 10:16:25,630 - __main__ - INFO - ============================================================
2025-11-26 10:16:25,630 - __main__ - INFO - 네이버 클라우드 플랫폼 월간 리포트 생성 프로그램 시작
2025-11-26 10:16:25,630 - __main__ - INFO - ============================================================
2025-11-26 10:16:25,631 - utils.common_rest - INFO - [API Request] GET https://ncr.apigw.ntruss.com/ncr/api/v2/repositories
2025-11-26 10:16:27,342 - utils.common_rest - WARNING - Request failed (attempt 1/3): 403 Client Error: Forbidden for url: https://ncr.apigw.ntruss.com/ncr/api/v2/repositories
2025-11-26 10:16:27,342 - utils.common_rest - INFO - Retrying in 1 seconds...
2025-11-26 10:16:29,094 - utils.common_rest - WARNING - Request failed (attempt 2/3): 403 Client Error: Forbidden for url: https://ncr.apigw.ntruss.com/ncr/api/v2/repositories
2025-11-26 10:16:29,094 - utils.common_rest - INFO - Retrying in 2 seconds...
2025-11-26 10:16:31,391 - utils.common_rest - ERROR - Request failed after 3 attempts: 403 Client Error: Forbidden for url: https://ncr.apigw.ntruss.com/ncr/api/v2/repositories
2025-11-26 11:02:14,135 - __main__ - INFO - ============================================================
2025-11-26 11:02:14,135 - __main__ - INFO - 네이버 클라우드 플랫폼 월간 리포트 생성 프로그램 시작
2025-11-26 11:02:14,135 - __main__ - INFO - ============================================================
2025-11-26 11:02:14,135 - utils.common_rest - INFO - [API Request] GET https://ncr.apigw.ntruss.com/ncr/sgn-api/v2/repositories
2025-11-26 11:02:15,140 - utils.common_rest - WARNING - Request failed (attempt 1/3): 403 Client Error: Forbidden for url: https://ncr.apigw.ntruss.com/ncr/sgn-api/v2/repositories
2025-11-26 11:02:15,140 - utils.common_rest - INFO - Retrying in 1 seconds...
2025-11-26 11:02:16,849 - utils.common_rest - WARNING - Request failed (attempt 2/3): 403 Client Error: Forbidden for url: https://ncr.apigw.ntruss.com/ncr/sgn-api/v2/repositories
2025-11-26 11:02:16,849 - utils.common_rest - INFO - Retrying in 2 seconds...
2025-11-26 11:02:19,535 - utils.common_rest - ERROR - Request failed after 3 attempts: 403 Client Error: Forbidden for url: https://ncr.apigw.ntruss.com/ncr/sgn-api/v2/repositories
2025-11-26 11:02:39,145 - __main__ - INFO - ============================================================
2025-11-26 11:02:39,145 - __main__ - INFO - 네이버 클라우드 플랫폼 월간 리포트 생성 프로그램 시작
2025-11-26 11:02:39,145 - __main__ - INFO - ============================================================
2025-11-26 11:02:39,146 - utils.common_rest - INFO - [API Request] GET https://ncr.apigw.ntruss.com/ncr/jpn-api/v2/repositories
2025-11-26 11:02:39,821 - utils.common_rest - WARNING - Request failed (attempt 1/3): 403 Client Error: Forbidden for url: https://ncr.apigw.ntruss.com/ncr/jpn-api/v2/repositories
2025-11-26 11:02:39,822 - utils.common_rest - INFO - Retrying in 1 seconds...
2025-11-26 11:02:41,274 - utils.common_rest - WARNING - Request failed (attempt 2/3): 403 Client Error: Forbidden for url: https://ncr.apigw.ntruss.com/ncr/jpn-api/v2/repositories
2025-11-26 11:02:41,274 - utils.common_rest - INFO - Retrying in 2 seconds...
2025-11-26 11:02:43,672 - utils.common_rest - ERROR - Request failed after 3 attempts: 403 Client Error: Forbidden for url: https://ncr.apigw.ntruss.com/ncr/jpn-api/v2/repositories
2025-11-26 11:03:10,058 - __main__ - INFO - ============================================================
2025-11-26 11:03:10,058 - __main__ - INFO - 네이버 클라우드 플랫폼 월간 리포트 생성 프로그램 시작
2025-11-26 11:03:10,058 - __main__ - INFO - ============================================================
2025-11-26 11:03:10,059 - utils.common_rest - INFO - [API Request] GET https://gov-ncr.apigw.gov-ntruss.com/ncr/kr/repositories
2025-11-26 11:03:10,623 - utils.common_rest - WARNING - Request failed (attempt 1/3): 404 Client Error: Not Found for url: https://gov-ncr.apigw.gov-ntruss.com/ncr/kr/repositories
2025-11-26 11:03:10,624 - utils.common_rest - INFO - Retrying in 1 seconds...
2025-11-26 11:03:11,639 - utils.common_rest - WARNING - Request failed (attempt 2/3): 404 Client Error: Not Found for url: https://gov-ncr.apigw.gov-ntruss.com/ncr/kr/repositories
2025-11-26 11:03:11,639 - utils.common_rest - INFO - Retrying in 2 seconds...
2025-11-26 11:03:13,655 - utils.common_rest - ERROR - Request failed after 3 attempts: 404 Client Error: Not Found for url: https://gov-ncr.apigw.gov-ntruss.com/ncr/kr/repositories
2025-11-26 11:03:28,195 - __main__ - INFO - ============================================================
2025-11-26 11:03:28,196 - __main__ - INFO - 네이버 클라우드 플랫폼 월간 리포트 생성 프로그램 시작
2025-11-26 11:03:28,196 - __main__ - INFO - ============================================================
2025-11-26 11:03:28,196 - utils.common_rest - INFO - [API Request] GET https://gov-ncr.apigw.gov-ntruss.com/ncr/krs/repositories
2025-11-26 11:03:28,513 - utils.common_rest - WARNING - Request failed (attempt 1/3): 404 Client Error: Not Found for url: https://gov-ncr.apigw.gov-ntruss.com/ncr/krs/repositories
2025-11-26 11:03:28,514 - utils.common_rest - INFO - Retrying in 1 seconds...
2025-11-26 11:03:29,530 - utils.common_rest - WARNING - Request failed (attempt 2/3): 404 Client Error: Not Found for url: https://gov-ncr.apigw.gov-ntruss.com/ncr/krs/repositories
2025-11-26 11:03:29,530 - utils.common_rest - INFO - Retrying in 2 seconds...
2025-11-26 11:03:31,544 - utils.common_rest - ERROR - Request failed after 3 attempts: 404 Client Error: Not Found for url: https://gov-ncr.apigw.gov-ntruss.com/ncr/krs/repositories
2025-11-26 11:15:12,907 - __main__ - INFO - ============================================================
2025-11-26 11:15:12,907 - __main__ - INFO - 네이버 클라우드 플랫폼 월간 리포트 생성 프로그램 시작
2025-11-26 11:15:12,908 - __main__ - INFO - ============================================================
2025-11-26 11:15:12,908 - utils.common_rest - INFO - [API Request] GET https://ncr.apigw.ntruss.com/ncr/api/v2/repositories
2025-11-26 11:15:14,034 - utils.common_rest - WARNING - Request failed (attempt 1/3): 403 Client Error: Forbidden for url: https://ncr.apigw.ntruss.com/ncr/api/v2/repositories
2025-11-26 11:15:14,034 - utils.common_rest - INFO - Retrying in 1 seconds...
2025-11-26 11:15:15,621 - utils.common_rest - WARNING - Request failed (attempt 2/3): 403 Client Error: Forbidden for url: https://ncr.apigw.ntruss.com/ncr/api/v2/repositories
2025-11-26 11:15:15,622 - utils.common_rest - INFO - Retrying in 2 seconds...
2025-11-26 11:15:17,820 - utils.common_rest - ERROR - Request failed after 3 attempts: 403 Client Error: Forbidden for url: https://ncr.apigw.ntruss.com/ncr/api/v2/repositories
2025-11-26 11:16:50,705 - __main__ - INFO - ============================================================
2025-11-26 11:16:50,706 - __main__ - INFO - 네이버 클라우드 플랫폼 월간 리포트 생성 프로그램 시작
2025-11-26 11:16:50,706 - __main__ - INFO - ============================================================
2025-11-26 11:16:50,706 - utils.common_rest - INFO - [API Request] GET https://ncr.apigw.ntruss.com/ncr/api/v2/repositories
2025-11-26 11:16:51,201 - utils.common_rest - WARNING - Request failed (attempt 1/3): 403 Client Error: Forbidden for url: https://ncr.apigw.ntruss.com/ncr/api/v2/repositories
2025-11-26 11:16:51,202 - utils.common_rest - INFO - Retrying in 1 seconds...
2025-11-26 11:16:52,410 - utils.common_rest - WARNING - Request failed (attempt 2/3): 403 Client Error: Forbidden for url: https://ncr.apigw.ntruss.com/ncr/api/v2/repositories
2025-11-26 11:16:52,410 - utils.common_rest - INFO - Retrying in 2 seconds...
2025-11-26 11:16:54,528 - utils.common_rest - ERROR - Request failed after 3 attempts: 403 Client Error: Forbidden for url: https://ncr.apigw.ntruss.com/ncr/api/v2/repositories
2025-11-26 11:25:48,768 - __main__ - INFO - ============================================================
2025-11-26 11:25:48,769 - __main__ - INFO - 네이버 클라우드 플랫폼 월간 리포트 생성 프로그램 시작
2025-11-26 11:25:48,769 - __main__ - INFO - ============================================================
2025-11-26 11:25:48,769 - utils.common_rest - INFO - [API Request] GET https://ncr.apigw.ntruss.com/ncr/api/v2/repositories
2025-11-26 11:25:49,466 - utils.common_rest - WARNING - Request failed (attempt 1/3): 403 Client Error: Forbidden for url: https://ncr.apigw.ntruss.com/ncr/api/v2/repositories
2025-11-26 11:25:49,467 - utils.common_rest - INFO - Retrying in 1 seconds...
2025-11-26 11:25:50,634 - utils.common_rest - WARNING - Request failed (attempt 2/3): 403 Client Error: Forbidden for url: https://ncr.apigw.ntruss.com/ncr/api/v2/repositories
2025-11-26 11:25:50,634 - utils.common_rest - INFO - Retrying in 2 seconds...
2025-11-26 11:25:52,818 - utils.common_rest - ERROR - Request failed after 3 attempts: 403 Client Error: Forbidden for url: https://ncr.apigw.ntruss.com/ncr/api/v2/repositories
2025-11-26 11:26:38,873 - __main__ - INFO - ============================================================
2025-11-26 11:26:38,874 - __main__ - INFO - 네이버 클라우드 플랫폼 월간 리포트 생성 프로그램 시작
2025-11-26 11:26:38,874 - __main__ - INFO - ============================================================
2025-11-26 11:26:38,875 - utils.common_rest - INFO - [API Request] GET https://ncr.apigw.ntruss.com/ncr/api/v2/repositories
2025-11-26 11:26:39,777 - utils.common_rest - INFO - [API Response] Status: 200
2025-11-26 11:26:39,777 - utils.common_rest - INFO -   - Response Type: Dict
2025-11-26 11:26:39,777 - utils.common_rest - INFO -   - Response Keys: ['count', 'next', 'previous', 'results']
2025-11-26 11:26:39,778 - utils.common_rest - INFO -   - Response Body (first 1000 chars): {
  "count": 7,
  "next": null,
  "previous": null,
  "results": [
    {
      "bucket": "rnd-nks-bucket",
      "created": 1709691642000,
      "end_point": "rnd-nks-reg.kr.ncr.ntruss.com",
      "end_point_enabled": true,
      "name": "rnd-nks-reg",
      "private_end_point": "ma4v9pha.kr.private-ncr.ntruss.com",
      "private_id": "ma4v9pha",
      "public_reg_status": false,
      "scan_on_push_enabled": false,
      "status": "running"
    },
    {
      "bucket": "clabill",
      "created": 1715586247000,
      "end_point": "clabill-reg.kr.ncr.ntruss.com",
      "end_point_enabled": true,
      "name": "clabill-reg",
      "private_end_point": "kia31v4i.kr.private-ncr.ntruss.com",
      "private_id": "kia31v4i",
      "public_reg_status": false,
      "scan_on_push_enabled": false,
      "status": "running"
    },
    {
      "bucket": "hmcho-test-bucket",
      "created": 1730275360000,
      "end_point": "apitesthmcho.kr.ncr.ntruss.com",
      "end_point_enabled": true,
     ...
2025-11-26 12:30:48,390 - __main__ - INFO - ============================================================
2025-11-26 12:30:48,390 - __main__ - INFO - 네이버 클라우드 플랫폼 월간 리포트 생성 프로그램 시작
2025-11-26 12:30:48,390 - __main__ - INFO - ============================================================
2025-11-26 12:30:48,390 - utils.common_rest - INFO - [API Request] GET https://ncr.apigw.ntruss.com/ncr/api/v2/repositories
2025-11-26 12:30:49,401 - utils.common_rest - INFO - [API Response] Status: 200
2025-11-26 12:30:49,402 - utils.common_rest - INFO -   - Response Type: Dict
2025-11-26 12:30:49,402 - utils.common_rest - INFO -   - Response Keys: ['count', 'next', 'previous', 'results']
2025-11-26 12:30:49,402 - utils.common_rest - INFO -   - Response Body (first 1000 chars): {
  "count": 7,
  "next": null,
  "previous": null,
  "results": [
    {
      "bucket": "rnd-nks-bucket",
      "created": 1709691642000,
      "end_point": "rnd-nks-reg.kr.ncr.ntruss.com",
      "end_point_enabled": true,
      "name": "rnd-nks-reg",
      "private_end_point": "ma4v9pha.kr.private-ncr.ntruss.com",
      "private_id": "ma4v9pha",
      "public_reg_status": false,
      "scan_on_push_enabled": false,
      "status": "running"
    },
    {
      "bucket": "clabill",
      "created": 1715586247000,
      "end_point": "clabill-reg.kr.ncr.ntruss.com",
      "end_point_enabled": true,
      "name": "clabill-reg",
      "private_end_point": "kia31v4i.kr.private-ncr.ntruss.com",
      "private_id": "kia31v4i",
      "public_reg_status": false,
      "scan_on_push_enabled": false,
      "status": "running"
    },
    {
      "bucket": "hmcho-test-bucket",
      "created": 1730275360000,
      "end_point": "apitesthmcho.kr.ncr.ntruss.com",
      "end_point_enabled": true,
     ...
2025-11-26 12:32:03,240 - __main__ - INFO - ============================================================
2025-11-26 12:32:03,240 - __main__ - INFO - 네이버 클라우드 플랫폼 월간 리포트 생성 프로그램 시작
2025-11-26 12:32:03,240 - __main__ - INFO - ============================================================
2025-11-26 12:32:03,240 - utils.common_rest - INFO - [API Request] GET https://ncr.apigw.ntruss.com/ncr/api/v2/repositories
2025-11-26 12:32:03,998 - utils.common_rest - INFO - [API Response] Status: 200
2025-11-26 12:32:03,999 - utils.common_rest - INFO -   - Response Type: Dict
2025-11-26 12:32:03,999 - utils.common_rest - INFO -   - Response Keys: ['count', 'next', 'previous', 'results']
2025-11-26 12:32:04,000 - utils.common_rest - INFO -   - Response Body (first 1000 chars): {
  "count": 7,
  "next": null,
  "previous": null,
  "results": [
    {
      "bucket": "rnd-nks-bucket",
      "created": 1709691642000,
      "end_point": "rnd-nks-reg.kr.ncr.ntruss.com",
      "end_point_enabled": true,
      "name": "rnd-nks-reg",
      "private_end_point": "ma4v9pha.kr.private-ncr.ntruss.com",
      "private_id": "ma4v9pha",
      "public_reg_status": false,
      "scan_on_push_enabled": false,
      "status": "running"
    },
    {
      "bucket": "clabill",
      "created": 1715586247000,
      "end_point": "clabill-reg.kr.ncr.ntruss.com",
      "end_point_enabled": true,
      "name": "clabill-reg",
      "private_end_point": "kia31v4i.kr.private-ncr.ntruss.com",
      "private_id": "kia31v4i",
      "public_reg_status": false,
      "scan_on_push_enabled": false,
      "status": "running"
    },
    {
      "bucket": "hmcho-test-bucket",
      "created": 1730275360000,
      "end_point": "apitesthmcho.kr.ncr.ntruss.com",
      "end_point_enabled": true,
     ...
2025-11-26 12:33:28,773 - __main__ - INFO - ============================================================
2025-11-26 12:33:28,773 - __main__ - INFO - 네이버 클라우드 플랫폼 월간 리포트 생성 프로그램 시작
2025-11-26 12:33:28,773 - __main__ - INFO - ============================================================
2025-11-26 12:33:28,773 - utils.common_rest - INFO - [API Request] GET https://ncr.apigw.ntruss.com/ncr/api/v2/repositories
2025-11-26 12:33:30,458 - utils.common_rest - INFO - [API Response] Status: 200
2025-11-26 12:33:30,458 - utils.common_rest - INFO -   - Response Type: Dict
2025-11-26 12:33:30,459 - utils.common_rest - INFO -   - Response Keys: ['count', 'next', 'previous', 'results']
2025-11-26 12:33:30,459 - utils.common_rest - INFO -   - Response Body (first 1000 chars): {
  "count": 7,
  "next": null,
  "previous": null,
  "results": [
    {
      "bucket": "rnd-nks-bucket",
      "created": 1709691642000,
      "end_point": "rnd-nks-reg.kr.ncr.ntruss.com",
      "end_point_enabled": true,
      "name": "rnd-nks-reg",
      "private_end_point": "ma4v9pha.kr.private-ncr.ntruss.com",
      "private_id": "ma4v9pha",
      "public_reg_status": false,
      "scan_on_push_enabled": false,
      "status": "running"
    },
    {
      "bucket": "clabill",
      "created": 1715586247000,
      "end_point": "clabill-reg.kr.ncr.ntruss.com",
      "end_point_enabled": true,
      "name": "clabill-reg",
      "private_end_point": "kia31v4i.kr.private-ncr.ntruss.com",
      "private_id": "kia31v4i",
      "public_reg_status": false,
      "scan_on_push_enabled": false,
      "status": "running"
    },
    {
      "bucket": "hmcho-test-bucket",
      "created": 1730275360000,
      "end_point": "apitesthmcho.kr.ncr.ntruss.com",
      "end_point_enabled": true,
     ...
2025-11-26 12:38:26,495 - __main__ - INFO - ============================================================
2025-11-26 12:38:26,495 - __main__ - INFO - 네이버 클라우드 플랫폼 월간 리포트 생성 프로그램 시작
2025-11-26 12:38:26,496 - __main__ - INFO - ============================================================
2025-11-26 12:38:26,496 - utils.common_rest - INFO - [API Request] GET https://ncr.apigw.ntruss.com/ncr/api/v2/repositories
2025-11-26 12:38:28,347 - utils.common_rest - INFO - [API Response] Status: 200
2025-11-26 12:38:28,347 - utils.common_rest - INFO -   - Response Type: Dict
2025-11-26 12:38:28,348 - utils.common_rest - INFO -   - Response Keys: ['count', 'next', 'previous', 'results']
2025-11-26 12:38:28,348 - utils.common_rest - INFO -   - Response Body (first 1000 chars): {
  "count": 7,
  "next": null,
  "previous": null,
  "results": [
    {
      "bucket": "rnd-nks-bucket",
      "created": 1709691642000,
      "end_point": "rnd-nks-reg.kr.ncr.ntruss.com",
      "end_point_enabled": true,
      "name": "rnd-nks-reg",
      "private_end_point": "ma4v9pha.kr.private-ncr.ntruss.com",
      "private_id": "ma4v9pha",
      "public_reg_status": false,
      "scan_on_push_enabled": false,
      "status": "running"
    },
    {
      "bucket": "clabill",
      "created": 1715586247000,
      "end_point": "clabill-reg.kr.ncr.ntruss.com",
      "end_point_enabled": true,
      "name": "clabill-reg",
      "private_end_point": "kia31v4i.kr.private-ncr.ntruss.com",
      "private_id": "kia31v4i",
      "public_reg_status": false,
      "scan_on_push_enabled": false,
      "status": "running"
    },
    {
      "bucket": "hmcho-test-bucket",
      "created": 1730275360000,
      "end_point": "apitesthmcho.kr.ncr.ntruss.com",
      "end_point_enabled": true,
     ...
2025-11-26 12:39:14,947 - __main__ - INFO - ============================================================
2025-11-26 12:39:14,947 - __main__ - INFO - 네이버 클라우드 플랫폼 월간 리포트 생성 프로그램 시작
2025-11-26 12:39:14,948 - __main__ - INFO - ============================================================
2025-11-26 12:39:14,948 - utils.common_rest - INFO - [API Request] GET https://ncr.apigw.ntruss.com/ncr/api/v2/repositories
2025-11-26 12:39:15,720 - utils.common_rest - INFO - [API Response] Status: 200
2025-11-26 12:39:15,720 - utils.common_rest - INFO -   - Response Type: Dict
2025-11-26 12:39:15,721 - utils.common_rest - INFO -   - Response Keys: ['count', 'next', 'previous', 'results']
2025-11-26 12:39:15,721 - utils.common_rest - INFO -   - Response Body (first 1000 chars): {
  "count": 7,
  "next": null,
  "previous": null,
  "results": [
    {
      "bucket": "rnd-nks-bucket",
      "created": 1709691642000,
      "end_point": "rnd-nks-reg.kr.ncr.ntruss.com",
      "end_point_enabled": true,
      "name": "rnd-nks-reg",
      "private_end_point": "ma4v9pha.kr.private-ncr.ntruss.com",
      "private_id": "ma4v9pha",
      "public_reg_status": false,
      "scan_on_push_enabled": false,
      "status": "running"
    },
    {
      "bucket": "clabill",
      "created": 1715586247000,
      "end_point": "clabill-reg.kr.ncr.ntruss.com",
      "end_point_enabled": true,
      "name": "clabill-reg",
      "private_end_point": "kia31v4i.kr.private-ncr.ntruss.com",
      "private_id": "kia31v4i",
      "public_reg_status": false,
      "scan_on_push_enabled": false,
      "status": "running"
    },
    {
      "bucket": "hmcho-test-bucket",
      "created": 1730275360000,
      "end_point": "apitesthmcho.kr.ncr.ntruss.com",
      "end_point_enabled": true,
     ...
2025-11-27 09:29:57,878 - __main__ - INFO - ============================================================
2025-11-27 09:29:57,879 - __main__ - INFO - 네이버 클라우드 플랫폼 월간 리포트 생성 프로그램 시작
2025-11-27 09:29:57,880 - __main__ - INFO - ============================================================
2025-11-27 09:29:57,881 - utils.common_rest - INFO - [API Request] GET https://ncr.apigw.ntruss.com/ncr/api/v2/repositories
2025-11-27 09:29:59,510 - utils.common_rest - INFO - [API Response] Status: 200
2025-11-27 09:29:59,512 - utils.common_rest - INFO -   - Response Type: Dict
2025-11-27 09:29:59,513 - utils.common_rest - INFO -   - Response Keys: ['count', 'next', 'previous', 'results']
2025-11-27 09:29:59,513 - utils.common_rest - INFO -   - Response Body (first 1000 chars): {
  "count": 7,
  "next": null,
  "previous": null,
  "results": [
    {
      "bucket": "rnd-nks-bucket",
      "created": 1709691642000,
      "end_point": "rnd-nks-reg.kr.ncr.ntruss.com",
      "end_point_enabled": true,
      "name": "rnd-nks-reg",
      "private_end_point": "ma4v9pha.kr.private-ncr.ntruss.com",
      "private_id": "ma4v9pha",
      "public_reg_status": false,
      "scan_on_push_enabled": false,
      "status": "running"
    },
    {
      "bucket": "clabill",
      "created": 1715586247000,
      "end_point": "clabill-reg.kr.ncr.ntruss.com",
      "end_point_enabled": true,
      "name": "clabill-reg",
      "private_end_point": "kia31v4i.kr.private-ncr.ntruss.com",
      "private_id": "kia31v4i",
      "public_reg_status": false,
      "scan_on_push_enabled": false,
      "status": "running"
    },
    {
      "bucket": "hmcho-test-bucket",
      "created": 1730275360000,
      "end_point": "apitesthmcho.kr.ncr.ntruss.com",
      "end_point_enabled": true,
     ...
2025-11-27 09:33:55,136 - __main__ - INFO - ============================================================
2025-11-27 09:33:55,137 - __main__ - INFO - 네이버 클라우드 플랫폼 월간 리포트 생성 프로그램 시작
2025-11-27 09:33:55,138 - __main__ - INFO - ============================================================
2025-11-27 09:33:55,139 - utils.common_rest - INFO - [API Request] GET https://ncr.apigw.ntruss.com/ncr/api/v2/repositories
2025-11-27 09:33:56,265 - utils.common_rest - INFO - [API Response] Status: 200
2025-11-27 09:33:56,266 - utils.common_rest - INFO -   - Response Type: Dict
2025-11-27 09:33:56,267 - utils.common_rest - INFO -   - Response Keys: ['count', 'next', 'previous', 'results']
2025-11-27 09:33:56,268 - utils.common_rest - INFO -   - Response Body (first 1000 chars): {
  "count": 7,
  "next": null,
  "previous": null,
  "results": [
    {
      "bucket": "rnd-nks-bucket",
      "created": 1709691642000,
      "end_point": "rnd-nks-reg.kr.ncr.ntruss.com",
      "end_point_enabled": true,
      "name": "rnd-nks-reg",
      "private_end_point": "ma4v9pha.kr.private-ncr.ntruss.com",
      "private_id": "ma4v9pha",
      "public_reg_status": false,
      "scan_on_push_enabled": false,
      "status": "running"
    },
    {
      "bucket": "clabill",
      "created": 1715586247000,
      "end_point": "clabill-reg.kr.ncr.ntruss.com",
      "end_point_enabled": true,
      "name": "clabill-reg",
      "private_end_point": "kia31v4i.kr.private-ncr.ntruss.com",
      "private_id": "kia31v4i",
      "public_reg_status": false,
      "scan_on_push_enabled": false,
      "status": "running"
    },
    {
      "bucket": "hmcho-test-bucket",
      "created": 1730275360000,
      "end_point": "apitesthmcho.kr.ncr.ntruss.com",
      "end_point_enabled": true,
     ...
2025-11-27 09:33:56,271 - utils.common_rest - INFO - [API Request] GET https://ncr.apigw.ntruss.com/ncr/api/v2/repositories/{registry_id}
2025-11-27 09:33:56,298 - utils.common_rest - WARNING - Request failed (attempt 1/3): 401 Client Error: Unauthorized for url: https://ncr.apigw.ntruss.com/ncr/api/v2/repositories/%7Bregistry_id%7D
2025-11-27 09:33:56,304 - utils.common_rest - INFO - Retrying in 1 seconds...
2025-11-27 09:33:57,329 - utils.common_rest - WARNING - Request failed (attempt 2/3): 401 Client Error: Unauthorized for url: https://ncr.apigw.ntruss.com/ncr/api/v2/repositories/%7Bregistry_id%7D
2025-11-27 09:33:57,331 - utils.common_rest - INFO - Retrying in 2 seconds...
2025-11-27 09:33:59,365 - utils.common_rest - ERROR - Request failed after 3 attempts: 401 Client Error: Unauthorized for url: https://ncr.apigw.ntruss.com/ncr/api/v2/repositories/%7Bregistry_id%7D
2025-11-27 10:40:08,692 - __main__ - INFO - ============================================================
2025-11-27 10:40:08,693 - __main__ - INFO - 네이버 클라우드 플랫폼 월간 리포트 생성 프로그램 시작
2025-11-27 10:40:08,693 - __main__ - INFO - ============================================================
2025-11-27 10:40:08,694 - utils.common_rest - INFO - [API Request] GET https://ncr.apigw.ntruss.com/ncr/api/v2/repositories
2025-11-27 10:40:09,836 - utils.common_rest - INFO - [API Response] Status: 200
2025-11-27 10:40:09,836 - utils.common_rest - INFO -   - Response Type: Dict
2025-11-27 10:40:09,836 - utils.common_rest - INFO -   - Response Keys: ['count', 'next', 'previous', 'results']
2025-11-27 10:40:09,837 - utils.common_rest - INFO -   - Response Body (first 1000 chars): {
  "count": 7,
  "next": null,
  "previous": null,
  "results": [
    {
      "bucket": "rnd-nks-bucket",
      "created": 1709691642000,
      "end_point": "rnd-nks-reg.kr.ncr.ntruss.com",
      "end_point_enabled": true,
      "name": "rnd-nks-reg",
      "private_end_point": "ma4v9pha.kr.private-ncr.ntruss.com",
      "private_id": "ma4v9pha",
      "public_reg_status": false,
      "scan_on_push_enabled": false,
      "status": "running"
    },
    {
      "bucket": "clabill",
      "created": 1715586247000,
      "end_point": "clabill-reg.kr.ncr.ntruss.com",
      "end_point_enabled": true,
      "name": "clabill-reg",
      "private_end_point": "kia31v4i.kr.private-ncr.ntruss.com",
      "private_id": "kia31v4i",
      "public_reg_status": false,
      "scan_on_push_enabled": false,
      "status": "running"
    },
    {
      "bucket": "hmcho-test-bucket",
      "created": 1730275360000,
      "end_point": "apitesthmcho.kr.ncr.ntruss.com",
      "end_point_enabled": true,
     ...
2025-11-27 10:40:09,838 - utils.common_rest - INFO - [API Request] GET https://ncr.apigw.ntruss.com/ncr/api/v2/repositories/rnd-nks-reg
2025-11-27 10:40:10,105 - utils.common_rest - INFO - [API Response] Status: 200
2025-11-27 10:40:10,106 - utils.common_rest - INFO -   - Response Type: Dict
2025-11-27 10:40:10,106 - utils.common_rest - INFO -   - Response Keys: ['count', 'next', 'previous', 'results']
2025-11-27 10:40:10,106 - utils.common_rest - INFO -   - Response Body (first 1000 chars): {
  "count": 12,
  "next": null,
  "previous": null,
  "results": [
    {
      "can_edit": false,
      "description": null,
      "is_automated": null,
      "is_private": null,
      "last_updated": 1760419579000,
      "name": "clario-gbe-back",
      "namespace": "rnd-nks-reg",
      "pull_count": 0,
      "repository_type": "image",
      "star_count": null,
      "status": 0,
      "user": null
    },
    {
      "can_edit": false,
      "description": null,
      "is_automated": null,
      "is_private": null,
      "last_updated": 1754889015000,
      "name": "cloverfarm-api",
      "namespace": "rnd-nks-reg",
      "pull_count": 10,
      "repository_type": "image",
      "star_count": null,
      "status": 0,
      "user": null
    },
    {
      "can_edit": false,
      "description": null,
      "is_automated": null,
      "is_private": null,
      "last_updated": 1752719436000,
      "name": "cla-max",
      "namespace": "rnd-nks-reg",
      "pull_count": 22,
      "repos...
2025-11-27 10:47:55,902 - __main__ - INFO - ============================================================
2025-11-27 10:47:55,902 - __main__ - INFO - 네이버 클라우드 플랫폼 월간 리포트 생성 프로그램 시작
2025-11-27 10:47:55,902 - __main__ - INFO - ============================================================
2025-11-27 10:47:55,902 - utils.common_rest - INFO - [API Request] GET https://ncr.apigw.ntruss.com/ncr/api/v2/repositories/rnd-nks-reg/clario-gbe-back
2025-11-27 10:47:56,494 - utils.common_rest - INFO - [API Response] Status: 200
2025-11-27 10:47:56,494 - utils.common_rest - INFO -   - Response Type: Dict
2025-11-27 10:47:56,495 - utils.common_rest - INFO -   - Response Keys: ['can_edit', 'description', 'full_description', 'is_automated', 'is_private', 'last_updated', 'name', 'namespace', 'private_id', 'pull_count', 'repository_type', 'star_count', 'status', 'tag_mutability_enabled', 'user']
2025-11-27 10:47:56,495 - utils.common_rest - INFO -   - Response Body: {
  "can_edit": false,
  "description": null,
  "full_description": null,
  "is_automated": null,
  "is_private": null,
  "last_updated": 1760419579000,
  "name": "clario-gbe-back",
  "namespace": "rnd-nks-reg",
  "private_id": "",
  "pull_count": 0,
  "repository_type": "image",
  "star_count": null,
  "status": 0,
  "tag_mutability_enabled": true,
  "user": null
}
2025-11-27 10:49:22,170 - __main__ - INFO - ============================================================
2025-11-27 10:49:22,170 - __main__ - INFO - 네이버 클라우드 플랫폼 월간 리포트 생성 프로그램 시작
2025-11-27 10:49:22,170 - __main__ - INFO - ============================================================
2025-11-27 10:49:22,171 - utils.common_rest - INFO - [API Request] GET https://ncr.apigw.ntruss.com/ncr/api/v2/repositories/rnd-nks-reg/clario-gbe-back/tags
2025-11-27 10:49:23,123 - utils.common_rest - INFO - [API Response] Status: 200
2025-11-27 10:49:23,123 - utils.common_rest - INFO -   - Response Type: Dict
2025-11-27 10:49:23,123 - utils.common_rest - INFO -   - Response Keys: ['count', 'next', 'previous', 'results']
2025-11-27 10:49:23,124 - utils.common_rest - INFO -   - Response Body (first 1000 chars): {
  "count": 2,
  "next": null,
  "previous": null,
  "results": [
    {
      "creator": "97a9e060-d5df-11ee-8c91-005056a79369",
      "digest": "sha256:8ee57e0ccb86048bafaad9ec828c65cb0d3e8a82f9eb59335e9126ef60e7e165",
      "full_size": 457885248,
      "id": 1011294,
      "image_id": 350027,
      "images": [
        {
          "architecture": "amd64",
          "created": 1760419579000,
          "digest": "sha256:8ee57e0ccb86048bafaad9ec828c65cb0d3e8a82f9eb59335e9126ef60e7e165",
          "features": "",
          "latest_pulled": 0,
          "mediaType": "application/vnd.docker.container.image.v1+json",
          "os": "linux",
          "os_features": "",
          "os_version": null,
          "size": 457885248,
          "updated": 1760419579000,
          "variant": null
        }
      ],
      "last_updated": 1760419579000,
      "last_updater": "97a9e060-d5df-11ee-8c91-005056a79369",
      "name": "3.0.0",
      "repository": 5849,
      "v2": true
    },
    {
      "...
2025-11-27 10:53:25,247 - __main__ - INFO - ============================================================
2025-11-27 10:53:25,247 - __main__ - INFO - 네이버 클라우드 플랫폼 월간 리포트 생성 프로그램 시작
2025-11-27 10:53:25,247 - __main__ - INFO - ============================================================
2025-11-27 10:54:12,665 - __main__ - INFO - ============================================================
2025-11-27 10:54:12,665 - __main__ - INFO - 네이버 클라우드 플랫폼 월간 리포트 생성 프로그램 시작
2025-11-27 10:54:12,665 - __main__ - INFO - ============================================================
2025-11-27 10:55:40,078 - __main__ - INFO - ============================================================
2025-11-27 10:55:40,079 - __main__ - INFO - 네이버 클라우드 플랫폼 월간 리포트 생성 프로그램 시작
2025-11-27 10:55:40,079 - __main__ - INFO - ============================================================
2025-11-27 10:59:21,948 - __main__ - INFO - ============================================================
2025-11-27 10:59:21,948 - __main__ - INFO - 네이버 클라우드 플랫폼 월간 리포트 생성 프로그램 시작
2025-11-27 10:59:21,948 - __main__ - INFO - ============================================================
2025-11-27 11:04:09,512 - __main__ - INFO - ============================================================
2025-11-27 11:04:09,513 - __main__ - INFO - 네이버 클라우드 플랫폼 월간 리포트 생성 프로그램 시작
2025-11-27 11:04:09,513 - __main__ - INFO - ============================================================
2025-11-27 11:04:19,102 - __main__ - INFO - ============================================================
2025-11-27 11:04:19,102 - __main__ - INFO - 네이버 클라우드 플랫폼 월간 리포트 생성 프로그램 시작
2025-11-27 11:04:19,103 - __main__ - INFO - ============================================================
2025-11-27 11:05:31,611 - __main__ - INFO - ============================================================
2025-11-27 11:05:31,612 - __main__ - INFO - 네이버 클라우드 플랫폼 월간 리포트 생성 프로그램 시작
2025-11-27 11:05:31,612 - __main__ - INFO - ============================================================
2025-11-27 11:05:48,698 - __main__ - INFO - ============================================================
2025-11-27 11:05:48,698 - __main__ - INFO - 네이버 클라우드 플랫폼 월간 리포트 생성 프로그램 시작
2025-11-27 11:05:48,698 - __main__ - INFO - ============================================================
2025-11-27 11:06:58,914 - __main__ - INFO - ============================================================
2025-11-27 11:06:58,914 - __main__ - INFO - 네이버 클라우드 플랫폼 월간 리포트 생성 프로그램 시작
2025-11-27 11:06:58,914 - __main__ - INFO - ============================================================
2025-11-27 11:07:21,291 - __main__ - INFO - ============================================================
2025-11-27 11:07:21,291 - __main__ - INFO - 네이버 클라우드 플랫폼 월간 리포트 생성 프로그램 시작
2025-11-27 11:07:21,291 - __main__ - INFO - ============================================================
2025-11-27 11:07:51,048 - __main__ - INFO - ============================================================
2025-11-27 11:07:51,048 - __main__ - INFO - 네이버 클라우드 플랫폼 월간 리포트 생성 프로그램 시작
2025-11-27 11:07:51,049 - __main__ - INFO - ============================================================
2025-11-27 11:07:51,049 - utils.common_rest - INFO - [API Request] GET https://ncr.apigw.ntruss.com/ncr/api/v2/repositories/rnd-nks-reg/cloverfarm-api/tags/latest
2025-11-27 11:07:51,967 - utils.common_rest - INFO - [API Response] Status: 200
2025-11-27 11:07:51,967 - utils.common_rest - INFO -   - Response Type: Dict
2025-11-27 11:07:51,967 - utils.common_rest - INFO -   - Response Keys: ['creator', 'digest', 'full_size', 'id', 'image_id', 'images', 'last_updated', 'last_updater', 'name', 'repository', 'v2']
2025-11-27 11:07:51,968 - utils.common_rest - INFO -   - Response Body: {
  "creator": "a20c9a00-d532-11ee-a209-246e96591a38",
  "digest": "sha256:4e122951d1cc1ee3b8cc7902a99a390961eb661feeeafd58505b15593132bf23",
  "full_size": 303527034,
  "id": 871920,
  "image_id": 338375,
  "images": [
    {
      "architecture": "amd64",
      "created": 1741667333000,
      "digest": "sha256:4e122951d1cc1ee3b8cc7902a99a390961eb661feeeafd58505b15593132bf23",
      "features": "",
      "latest_pulled": 1754889053000,
      "mediaType": "application/vnd.docker.container.image.v1+json",
      "os": "linux",
      "os_features": "",
      "os_version": null,
      "size": 303527034,
      "updated": 1754889014000,
      "variant": null
    }
  ],
  "last_updated": 1754889014000,
  "last_updater": "a20c9a00-d532-11ee-a209-246e96591a38",
  "name": "latest",
  "repository": 5849,
  "v2": true
}
2025-11-27 12:59:27,726 - __main__ - INFO - ============================================================
2025-11-27 12:59:27,726 - __main__ - INFO - 네이버 클라우드 플랫폼 월간 리포트 생성 프로그램 시작
2025-11-27 12:59:27,726 - __main__ - INFO - ============================================================
2025-11-27 12:59:36,604 - __main__ - INFO - ============================================================
2025-11-27 12:59:36,604 - __main__ - INFO - 네이버 클라우드 플랫폼 월간 리포트 생성 프로그램 시작
2025-11-27 12:59:36,604 - __main__ - INFO - ============================================================
2025-11-27 13:01:11,473 - __main__ - INFO - ============================================================
2025-11-27 13:01:11,474 - __main__ - INFO - 네이버 클라우드 플랫폼 월간 리포트 생성 프로그램 시작
2025-11-27 13:01:11,474 - __main__ - INFO - ============================================================
2025-11-27 13:02:57,765 - __main__ - INFO - ============================================================
2025-11-27 13:02:57,765 - __main__ - INFO - 네이버 클라우드 플랫폼 월간 리포트 생성 프로그램 시작
2025-11-27 13:02:57,765 - __main__ - INFO - ============================================================
2025-11-27 13:02:57,766 - utils.common_rest - INFO - [API Request] GET https://ncr.apigw.ntruss.com/ncr/api/v2/Clusters
2025-11-27 13:02:58,104 - utils.common_rest - WARNING - Request failed (attempt 1/3): 404 Client Error: Not Found for url: https://ncr.apigw.ntruss.com/ncr/api/v2/Clusters
2025-11-27 13:02:58,104 - utils.common_rest - INFO - Retrying in 1 seconds...
2025-11-27 13:02:59,113 - utils.common_rest - WARNING - Request failed (attempt 2/3): 404 Client Error: Not Found for url: https://ncr.apigw.ntruss.com/ncr/api/v2/Clusters
2025-11-27 13:02:59,113 - utils.common_rest - INFO - Retrying in 2 seconds...
2025-11-27 13:03:01,124 - utils.common_rest - ERROR - Request failed after 3 attempts: 404 Client Error: Not Found for url: https://ncr.apigw.ntruss.com/ncr/api/v2/Clusters
2025-11-27 13:03:20,363 - __main__ - INFO - ============================================================
2025-11-27 13:03:20,364 - __main__ - INFO - 네이버 클라우드 플랫폼 월간 리포트 생성 프로그램 시작
2025-11-27 13:03:20,364 - __main__ - INFO - ============================================================
2025-11-27 13:03:20,365 - utils.common_rest - INFO - [API Request] GET https://ncr.apigw.ntruss.com/ncr/api/v2/Clusters
2025-11-27 13:03:20,653 - utils.common_rest - WARNING - Request failed (attempt 1/3): 404 Client Error: Not Found for url: https://ncr.apigw.ntruss.com/ncr/api/v2/Clusters
2025-11-27 13:03:20,653 - utils.common_rest - INFO - Retrying in 1 seconds...
2025-11-27 13:03:21,667 - utils.common_rest - WARNING - Request failed (attempt 2/3): 404 Client Error: Not Found for url: https://ncr.apigw.ntruss.com/ncr/api/v2/Clusters
2025-11-27 13:03:21,668 - utils.common_rest - INFO - Retrying in 2 seconds...
2025-11-27 13:03:23,696 - utils.common_rest - ERROR - Request failed after 3 attempts: 404 Client Error: Not Found for url: https://ncr.apigw.ntruss.com/ncr/api/v2/Clusters
2025-11-27 13:03:28,099 - __main__ - INFO - ============================================================
2025-11-27 13:03:28,100 - __main__ - INFO - 네이버 클라우드 플랫폼 월간 리포트 생성 프로그램 시작
2025-11-27 13:03:28,100 - __main__ - INFO - ============================================================
2025-11-27 13:03:28,100 - utils.common_rest - INFO - [API Request] GET https://ncr.apigw.ntruss.com/ncr/api/v2/clusters
2025-11-27 13:03:28,451 - utils.common_rest - WARNING - Request failed (attempt 1/3): 404 Client Error: Not Found for url: https://ncr.apigw.ntruss.com/ncr/api/v2/clusters
2025-11-27 13:03:28,452 - utils.common_rest - INFO - Retrying in 1 seconds...
2025-11-27 13:03:29,497 - utils.common_rest - WARNING - Request failed (attempt 2/3): 404 Client Error: Not Found for url: https://ncr.apigw.ntruss.com/ncr/api/v2/clusters
2025-11-27 13:03:29,497 - utils.common_rest - INFO - Retrying in 2 seconds...
2025-11-27 13:03:31,513 - utils.common_rest - ERROR - Request failed after 3 attempts: 404 Client Error: Not Found for url: https://ncr.apigw.ntruss.com/ncr/api/v2/clusters
2025-11-27 13:10:43,561 - __main__ - INFO - ============================================================
2025-11-27 13:10:43,561 - __main__ - INFO - 네이버 클라우드 플랫폼 월간 리포트 생성 프로그램 시작
2025-11-27 13:10:43,561 - __main__ - INFO - ============================================================
2025-11-27 13:10:43,562 - utils.common_rest - INFO - [API Request] GET https://nks.apigw.ntruss.com/vnks/v2/clusters
2025-11-27 13:10:43,989 - utils.common_rest - INFO - [API Response] Status: 200
2025-11-27 13:10:43,990 - utils.common_rest - INFO -   - Response Type: Dict
2025-11-27 13:10:43,991 - utils.common_rest - INFO -   - Response Keys: ['clusters']
2025-11-27 13:10:43,991 - utils.common_rest - INFO -   - Response Body (first 1000 chars): {
  "clusters": [
    {
      "cpuCount": 6,
      "memorySize": 24,
      "status": "RUNNING",
      "nodeCount": 3,
      "nodeMaxCount": 250,
      "clusterType": "SVR.VNKS.STAND.C002.M008.G003",
      "hypervisorCode": "KVM",
      "instanceNo": 114444249,
      "id": 30618,
      "acgName": "nks-30618-1w4xqx",
      "acgNo": 322436,
      "capacity": "vCPU 6EA, Memory 24GB",
      "createdAt": "2025-11-25T04:25:47.000Z",
      "updatedAt": "2025-11-25T04:33:46.000Z",
      "endpoint": "https://12757453-d58e-4aa2-abd6-da36ee318628.kr.vnks.ntruss.com",
      "uuid": "12757453-d58e-4aa2-abd6-da36ee318628",
      "name": "mlops-dev-nks",
      "k8sVersion": "1.33.4-nks.2",
      "regionCode": "KR",
      "kubeNetworkPlugin": "cilium",
      "vpcNo": 57409,
      "subnetNoList": [
        273307
      ],
      "subnetLbNo": 273308,
      "lbPrivateSubnetNo": 273308,
      "lbPrivateSubnetName": "sub-rnd-devops-lb-pri | KR-1 | 10.0.7.0/24 | Private ",
      "lbPublicSubnetNo": 273309,
 ...
2025-11-27 13:13:00,053 - __main__ - INFO - ============================================================
2025-11-27 13:13:00,054 - __main__ - INFO - 네이버 클라우드 플랫폼 월간 리포트 생성 프로그램 시작
2025-11-27 13:13:00,054 - __main__ - INFO - ============================================================
2025-11-27 13:13:00,054 - utils.common_rest - INFO - [API Request] GET https://nks.apigw.ntruss.com/vnks/v2/clusters/1234567890
2025-11-27 13:13:00,413 - utils.common_rest - WARNING - Request failed (attempt 1/3): 400 Client Error: Bad Request for url: https://nks.apigw.ntruss.com/vnks/v2/clusters/1234567890
2025-11-27 13:13:00,413 - utils.common_rest - INFO - Retrying in 1 seconds...
2025-11-27 13:13:01,461 - utils.common_rest - WARNING - Request failed (attempt 2/3): 400 Client Error: Bad Request for url: https://nks.apigw.ntruss.com/vnks/v2/clusters/1234567890
2025-11-27 13:13:01,462 - utils.common_rest - INFO - Retrying in 2 seconds...
2025-11-27 13:13:03,490 - utils.common_rest - ERROR - Request failed after 3 attempts: 400 Client Error: Bad Request for url: https://nks.apigw.ntruss.com/vnks/v2/clusters/1234567890
2025-11-27 13:13:46,820 - __main__ - INFO - ============================================================
2025-11-27 13:13:46,820 - __main__ - INFO - 네이버 클라우드 플랫폼 월간 리포트 생성 프로그램 시작
2025-11-27 13:13:46,820 - __main__ - INFO - ============================================================
2025-11-27 13:13:46,820 - utils.common_rest - INFO - [API Request] GET https://nks.apigw.ntruss.com/vnks/v2/clusters/mlops-dev-nks
2025-11-27 13:13:47,216 - utils.common_rest - WARNING - Request failed (attempt 1/3): 400 Client Error: Bad Request for url: https://nks.apigw.ntruss.com/vnks/v2/clusters/mlops-dev-nks
2025-11-27 13:13:47,216 - utils.common_rest - INFO - Retrying in 1 seconds...
2025-11-27 13:13:48,317 - utils.common_rest - WARNING - Request failed (attempt 2/3): 400 Client Error: Bad Request for url: https://nks.apigw.ntruss.com/vnks/v2/clusters/mlops-dev-nks
2025-11-27 13:13:48,317 - utils.common_rest - INFO - Retrying in 2 seconds...
2025-11-27 13:13:50,361 - utils.common_rest - ERROR - Request failed after 3 attempts: 400 Client Error: Bad Request for url: https://nks.apigw.ntruss.com/vnks/v2/clusters/mlops-dev-nks
2025-11-27 13:13:59,232 - __main__ - INFO - ============================================================
2025-11-27 13:13:59,232 - __main__ - INFO - 네이버 클라우드 플랫폼 월간 리포트 생성 프로그램 시작
2025-11-27 13:13:59,233 - __main__ - INFO - ============================================================
2025-11-27 13:13:59,233 - utils.common_rest - INFO - [API Request] GET https://nks.apigw.ntruss.com/vnks/v2/clusters/12757453-d58e-4aa2-abd6-da36ee318628
2025-11-27 13:13:59,696 - utils.common_rest - INFO - [API Response] Status: 200
2025-11-27 13:13:59,697 - utils.common_rest - INFO -   - Response Type: Dict
2025-11-27 13:13:59,697 - utils.common_rest - INFO -   - Response Keys: ['cluster']
2025-11-27 13:13:59,698 - utils.common_rest - INFO -   - Response Body (first 1000 chars): {
  "cluster": {
    "cpuCount": 6,
    "memorySize": 24,
    "status": "RUNNING",
    "nodeCount": 3,
    "nodeMaxCount": 250,
    "clusterType": "SVR.VNKS.STAND.C002.M008.G003",
    "hypervisorCode": "KVM",
    "instanceNo": 114444249,
    "id": 30618,
    "acgName": "nks-30618-1w4xqx",
    "acgNo": 322436,
    "capacity": "vCPU 6EA, Memory 24GB",
    "createdAt": "2025-11-25T04:25:47.000Z",
    "updatedAt": "2025-11-25T04:33:46.000Z",
    "endpoint": "https://12757453-d58e-4aa2-abd6-da36ee318628.kr.vnks.ntruss.com",
    "uuid": "12757453-d58e-4aa2-abd6-da36ee318628",
    "name": "mlops-dev-nks",
    "k8sVersion": "1.33.4-nks.2",
    "regionCode": "KR",
    "kubeNetworkPlugin": "cilium",
    "vpcNo": 57409,
    "subnetNoList": [
      273307
    ],
    "subnetLbNo": 273308,
    "lbPrivateSubnetNo": 273308,
    "lbPrivateSubnetName": "-",
    "lbPublicSubnetNo": 273309,
    "lbPublicSubnetName": "-",
    "vpcName": "rnd | 10.0.0.0/16",
    "subnetName": "sub-rnd-devops-pri",
    "subn...
2025-11-27 13:15:33,423 - __main__ - INFO - ============================================================
2025-11-27 13:15:33,424 - __main__ - INFO - 네이버 클라우드 플랫폼 월간 리포트 생성 프로그램 시작
2025-11-27 13:15:33,424 - __main__ - INFO - ============================================================
2025-11-27 13:15:33,424 - utils.common_rest - INFO - [API Request] GET https://nks.apigw.ntruss.com/vnks/v2/clusters/12757453-d58e-4aa2-abd6-da36ee318628/oidc
2025-11-27 13:15:34,482 - utils.common_rest - INFO - [API Response] Status: 200
2025-11-27 13:15:34,482 - utils.common_rest - INFO -   - Response Type: Dict
2025-11-27 13:15:34,483 - utils.common_rest - INFO -   - Response Keys: ['status']
2025-11-27 13:15:34,483 - utils.common_rest - INFO -   - Response Body: {
  "status": false
}
2025-11-27 14:06:42,328 - __main__ - INFO - ============================================================
2025-11-27 14:06:42,328 - __main__ - INFO - 네이버 클라우드 플랫폼 월간 리포트 생성 프로그램 시작
2025-11-27 14:06:42,328 - __main__ - INFO - ============================================================
2025-11-27 14:06:42,328 - utils.common_rest - INFO - [API Request] GET https://nks.apigw.ntruss.com/vnks/v2/clusters/12757453-d58e-4aa2-abd6-da36ee318628/oidc
2025-11-27 14:06:42,739 - utils.common_rest - INFO - [API Response] Status: 200
2025-11-27 14:06:42,739 - utils.common_rest - INFO -   - Response Type: Dict
2025-11-27 14:06:42,739 - utils.common_rest - INFO -   - Response Keys: ['status']
2025-11-27 14:06:42,740 - utils.common_rest - INFO -   - Response Body: {
  "status": false
}
2025-11-27 14:08:41,918 - __main__ - INFO - ============================================================
2025-11-27 14:08:41,918 - __main__ - INFO - 네이버 클라우드 플랫폼 월간 리포트 생성 프로그램 시작
2025-11-27 14:08:41,918 - __main__ - INFO - ============================================================
2025-11-27 14:08:41,919 - utils.common_rest - INFO - [API Request] GET https://nks.apigw.ntruss.com/vnks/v2/clusters/12757453-d58e-4aa2-abd6-da36ee318628/ip-acl
2025-11-27 14:08:42,673 - utils.common_rest - INFO - [API Response] Status: 200
2025-11-27 14:08:42,674 - utils.common_rest - INFO -   - Response Type: Dict
2025-11-27 14:08:42,674 - utils.common_rest - INFO -   - Response Keys: ['defaultAction', 'entries']
2025-11-27 14:08:42,674 - utils.common_rest - INFO -   - Response Body: {
  "defaultAction": "allow",
  "entries": []
}
2025-11-27 14:09:53,826 - __main__ - INFO - ============================================================
2025-11-27 14:09:53,826 - __main__ - INFO - 네이버 클라우드 플랫폼 월간 리포트 생성 프로그램 시작
2025-11-27 14:09:53,827 - __main__ - INFO - ============================================================
2025-11-27 14:09:53,827 - utils.common_rest - INFO - [API Request] GET https://nks.apigw.ntruss.com/vnks/v2/clusters/12757453-d58e-4aa2-abd6-da36ee318628/access-entries
2025-11-27 14:09:54,160 - utils.common_rest - INFO - [API Response] Status: 200
2025-11-27 14:09:54,161 - utils.common_rest - INFO -   - Response Type: Dict
2025-11-27 14:09:54,161 - utils.common_rest - INFO -   - Response Keys: ['accessEntries']
2025-11-27 14:09:54,161 - utils.common_rest - INFO -   - Response Body: {
  "accessEntries": [
    {
      "entry": "nrn:PUB:IAM::3276162:SubAccount/f356e140-40de-11f0-9327-246e9659184c",
      "groups": null,
      "policies": [
        {
          "namespaces": null,
          "scope": "Cluster",
          "type": "NKSClusterAdminPolicy"
        }
      ],
      "username": "",
      "uuid": "a1c1750d-dc43-44fa-bc5b-9d9c1d8c4099"
    }
  ]
}
2025-11-27 14:12:05,156 - __main__ - INFO - ============================================================
2025-11-27 14:12:05,156 - __main__ - INFO - 네이버 클라우드 플랫폼 월간 리포트 생성 프로그램 시작
2025-11-27 14:12:05,156 - __main__ - INFO - ============================================================
2025-11-27 14:12:05,157 - utils.common_rest - INFO - [API Request] GET https://nks.apigw.ntruss.com/vnks/v2/clusters/12757453-d58e-4aa2-abd6-da36ee318628/access-entries/f356e140-40de-11f0-9327-246e9659184c
2025-11-27 14:12:05,573 - utils.common_rest - INFO - [API Response] Status: 200
2025-11-27 14:12:05,574 - utils.common_rest - INFO -   - Response Type: Dict
2025-11-27 14:12:05,574 - utils.common_rest - INFO -   - Response Keys: ['accessEntry']
2025-11-27 14:12:05,575 - utils.common_rest - INFO -   - Response Body: {
  "accessEntry": {}
}
2025-11-27 14:13:23,433 - __main__ - INFO - ============================================================
2025-11-27 14:13:23,434 - __main__ - INFO - 네이버 클라우드 플랫폼 월간 리포트 생성 프로그램 시작
2025-11-27 14:13:23,434 - __main__ - INFO - ============================================================
2025-11-27 14:13:23,435 - utils.common_rest - INFO - [API Request] GET https://nks.apigw.ntruss.com/vnks/v2/clusters/12757453-d58e-4aa2-abd6-da36ee318628/nodes
2025-11-27 14:13:25,396 - utils.common_rest - INFO - [API Response] Status: 200
2025-11-27 14:13:25,397 - utils.common_rest - INFO -   - Response Type: Dict
2025-11-27 14:13:25,397 - utils.common_rest - INFO -   - Response Keys: ['nodes']
2025-11-27 14:13:25,398 - utils.common_rest - INFO -   - Response Body (first 1000 chars): {
  "nodes": [
    {
      "id": 114444467,
      "name": "mlops-dev-front-w-b145",
      "serverName": "mlops-dev-front-w-b145",
      "serverSpec": "vCPU 2EA, Memory 8GB",
      "privateIp": "10.0.6.8",
      "publicIp": null,
      "returnProtectionYn": "Y",
      "statusCode": "RUN",
      "status": "RUN",
      "statusColor": "green",
      "statusName": "Running",
      "serverImageName": "ubuntu-24.04-nksw",
      "cpuCount": 2,
      "memorySize": 8589934592,
      "softwareCode": "SW.VSVR.OS.LNX64.UBNTU.SVR24.WRKND.G003",
      "productCode": "SVR.VSVR.AMD.STAND.C002.M008.G003",
      "specCode": "SVR.VSVR.AMD.STAND.C002.M008.G003",
      "loginKeyName": "advtech-cert",
      "k8sStatus": "Ready",
      "dockerVersion": "containerd://1.7.28",
      "kernelVersion": "6.8.0-52-generic",
      "nodePoolName": "mlops-dev-front",
      "nodePoolId": 114444267,
      "providerID": "navercloudplatform://114444467"
    },
    {
      "id": 114444485,
      "name": "mlops-dev-back-w-42...
2025-11-27 14:14:33,664 - __main__ - INFO - ============================================================
2025-11-27 14:14:33,664 - __main__ - INFO - 네이버 클라우드 플랫폼 월간 리포트 생성 프로그램 시작
2025-11-27 14:14:33,665 - __main__ - INFO - ============================================================
2025-11-27 14:14:33,665 - utils.common_rest - INFO - [API Request] GET https://nks.apigw.ntruss.com/vnks/v2/clusters/12757453-d58e-4aa2-abd6-da36ee318628/node-pool
2025-11-27 14:14:34,092 - utils.common_rest - INFO - [API Response] Status: 200
2025-11-27 14:14:34,092 - utils.common_rest - INFO -   - Response Type: Dict
2025-11-27 14:14:34,092 - utils.common_rest - INFO -   - Response Keys: ['nodePool']
2025-11-27 14:14:34,093 - utils.common_rest - INFO -   - Response Body (first 1000 chars): {
  "nodePool": [
    {
      "instanceNo": 114444267,
      "k8sVersion": "1.33.4-nks.2",
      "labels": [
        {
          "key": "role",
          "value": "front"
        }
      ],
      "name": "mlops-dev-front",
      "nodeCount": 1,
      "serverSpecCode": "s2-g3a",
      "softwareCode": "SW.VSVR.OS.LNX64.UBNTU.SVR24.WRKND.G003|106278899",
      "status": "RUN",
      "subnets": [
        {
          "name": "sub-rnd-devops-pri",
          "number": 273307
        }
      ],
      "taints": [],
      "storageSize": 100,
      "productCode": "SVR.VSVR.AMD.STAND.C002.M008.G003",
      "subnetNameList": [
        "sub-rnd-devops-pri"
      ],
      "subnetNoList": [
        273307
      ],
      "autoscale": {
        "enabled": false
      }
    },
    {
      "instanceNo": 114444270,
      "k8sVersion": "1.33.4-nks.2",
      "labels": [
        {
          "key": "role",
          "value": "back"
        }
      ],
      "name": "mlops-dev-back",
      "nodeCount": 1,
      ...
2025-11-27 14:15:35,676 - __main__ - INFO - ============================================================
2025-11-27 14:15:35,676 - __main__ - INFO - 네이버 클라우드 플랫폼 월간 리포트 생성 프로그램 시작
2025-11-27 14:15:35,677 - __main__ - INFO - ============================================================
2025-11-27 14:15:35,677 - utils.common_rest - INFO - [API Request] GET https://nks.apigw.ntruss.com/vnks/v2/clusters/12757453-d58e-4aa2-abd6-da36ee318628/kubeconfig
2025-11-27 14:15:36,159 - utils.common_rest - INFO - [API Response] Status: 200
2025-11-27 14:15:36,159 - utils.common_rest - INFO -   - Response Type: Dict
2025-11-27 14:15:36,160 - utils.common_rest - INFO -   - Response Keys: ['kubeconfig']
2025-11-27 14:15:36,160 - utils.common_rest - INFO -   - Response Body (first 1000 chars): {
  "kubeconfig": "apiVersion: v1\nclusters:\n  - cluster:\n      certificate-authority-data: LS0tLS1CRUdJTiBDRVJUSUZJQ0FURS0tLS0tCk1JSUM2VENDQWRHZ0F3SUJBZ0lCQURBTkJna3Foa2lHOXcwQkFRc0ZBREFWTVJNd0VRWURWUVFERXdwcmRXSmwKY201bGRHVnpNQ0FYRFRJMU1URXlOVEEwTWpZeE4xb1lEekl4TWpVeE1UQXhNRFF5TmpFM1dqQVZNUk13RVFZRApWUVFERXdwcmRXSmxjbTVsZEdWek1JSUJJakFOQmdrcWhraUc5dzBCQVFFRkFBT0NBUThBTUlJQkNnS0NBUUVBCndQaGN4K2hnb2pDMzc0djg3TVFGQk9YRmVTaEVWSVRPSWJ5R1BCMGNHTUpGTXg2dE4wWTk1U0dvQ2VqYUhHdXMKeEphZWpjWkhuRm9FS1ZhcTg5MzdybVFpK1ZsdTV2NTBwMXVGK2lvdThlbGlwR0pyVGVjMCtBYm1VaEF1ZlhJbQpoWEFJNEpIVEpzZnIxMW9YNlZ1UVZPRTI0R04wRmprS0pBRWNENlFCdEUyR2xSK0QzbkVGZXRNUFEzNmpXWWZ6CnVnT1kxcy9qcXRDTnJmMWhTNFVmYTg3Sk1JamcrRnpWQTVNdW1kanM4MDY2V0UwTGt3T25VcGZCamIyMm9oRGQKRnNTT1ZyMUhmR1Arb2UxbURmQm5PSXZIZTJua0w2RFdQRWY3MWpqTy9Kd21LVVhwbXk0bDhMbndiME5XZE1vMgpiUVVUanBvaTlSWjdUY0hpL0dReG9RSURBUUFCbzBJd1FEQU9CZ05WSFE4QkFmOEVCQU1DQXFRd0R3WURWUjBUCkFRSC9CQVV3QXdFQi96QWRCZ05WSFE0RUZnUVV5aVV1bVRreGdTOHRSamg3R2FXeEpYT2ZlVWt3RFFZSktvWkkKaH...
2025-11-27 14:17:46,896 - __main__ - INFO - ============================================================
2025-11-27 14:17:46,897 - __main__ - INFO - 네이버 클라우드 플랫폼 월간 리포트 생성 프로그램 시작
2025-11-27 14:17:46,897 - __main__ - INFO - ============================================================
2025-11-27 14:17:46,897 - utils.common_rest - INFO - [API Request] GET https://nks.apigw.ntruss.com/vnks/v2/clusters/12757453-d58e-4aa2-abd6-da36ee318628/kubeconfig
2025-11-27 14:17:47,291 - utils.common_rest - INFO - [API Response] Status: 200
2025-11-27 14:17:47,291 - utils.common_rest - INFO -   - Response Type: Dict
2025-11-27 14:17:47,291 - utils.common_rest - INFO -   - Response Keys: ['kubeconfig']
2025-11-27 14:17:47,292 - utils.common_rest - INFO -   - Response Body (first 1000 chars): {
  "kubeconfig": "apiVersion: v1\nclusters:\n  - cluster:\n      certificate-authority-data: LS0tLS1CRUdJTiBDRVJUSUZJQ0FURS0tLS0tCk1JSUM2VENDQWRHZ0F3SUJBZ0lCQURBTkJna3Foa2lHOXcwQkFRc0ZBREFWTVJNd0VRWURWUVFERXdwcmRXSmwKY201bGRHVnpNQ0FYRFRJMU1URXlOVEEwTWpZeE4xb1lEekl4TWpVeE1UQXhNRFF5TmpFM1dqQVZNUk13RVFZRApWUVFERXdwcmRXSmxjbTVsZEdWek1JSUJJakFOQmdrcWhraUc5dzBCQVFFRkFBT0NBUThBTUlJQkNnS0NBUUVBCndQaGN4K2hnb2pDMzc0djg3TVFGQk9YRmVTaEVWSVRPSWJ5R1BCMGNHTUpGTXg2dE4wWTk1U0dvQ2VqYUhHdXMKeEphZWpjWkhuRm9FS1ZhcTg5MzdybVFpK1ZsdTV2NTBwMXVGK2lvdThlbGlwR0pyVGVjMCtBYm1VaEF1ZlhJbQpoWEFJNEpIVEpzZnIxMW9YNlZ1UVZPRTI0R04wRmprS0pBRWNENlFCdEUyR2xSK0QzbkVGZXRNUFEzNmpXWWZ6CnVnT1kxcy9qcXRDTnJmMWhTNFVmYTg3Sk1JamcrRnpWQTVNdW1kanM4MDY2V0UwTGt3T25VcGZCamIyMm9oRGQKRnNTT1ZyMUhmR1Arb2UxbURmQm5PSXZIZTJua0w2RFdQRWY3MWpqTy9Kd21LVVhwbXk0bDhMbndiME5XZE1vMgpiUVVUanBvaTlSWjdUY0hpL0dReG9RSURBUUFCbzBJd1FEQU9CZ05WSFE4QkFmOEVCQU1DQXFRd0R3WURWUjBUCkFRSC9CQVV3QXdFQi96QWRCZ05WSFE0RUZnUVV5aVV1bVRreGdTOHRSamg3R2FXeEpYT2ZlVWt3RFFZSktvWkkKaH...
2025-11-27 14:17:47,292 - utils.common_rest - INFO - [API Request] GET https://nks.apigw.ntruss.com/vnks/v2/option/version
2025-11-27 14:17:47,350 - utils.common_rest - INFO - [API Response] Status: 200
2025-11-27 14:17:47,350 - utils.common_rest - INFO -   - Response Type: List (length: 3)
2025-11-27 14:17:47,351 - utils.common_rest - INFO -   - First Item Type: <class 'dict'>
2025-11-27 14:17:47,351 - utils.common_rest - INFO -   - First Item Keys: ['label', 'value']
2025-11-27 14:17:47,351 - utils.common_rest - INFO -   - First Item: {'label': '1.33.4', 'value': '1.33.4-nks.1'}
2025-11-27 14:17:59,454 - __main__ - INFO - ============================================================
2025-11-27 14:17:59,455 - __main__ - INFO - 네이버 클라우드 플랫폼 월간 리포트 생성 프로그램 시작
2025-11-27 14:17:59,455 - __main__ - INFO - ============================================================
2025-11-27 14:17:59,455 - utils.common_rest - INFO - [API Request] GET https://nks.apigw.ntruss.com/vnks/v2/option/version
2025-11-27 14:17:59,821 - utils.common_rest - INFO - [API Response] Status: 200
2025-11-27 14:17:59,821 - utils.common_rest - INFO -   - Response Type: List (length: 3)
2025-11-27 14:17:59,822 - utils.common_rest - INFO -   - First Item Type: <class 'dict'>
2025-11-27 14:17:59,822 - utils.common_rest - INFO -   - First Item Keys: ['label', 'value']
2025-11-27 14:17:59,822 - utils.common_rest - INFO -   - First Item: {'label': '1.33.4', 'value': '1.33.4-nks.1'}
2025-11-27 14:34:14,824 - __main__ - INFO - ============================================================
2025-11-27 14:34:14,824 - __main__ - INFO - 네이버 클라우드 플랫폼 월간 리포트 생성 프로그램 시작
2025-11-27 14:34:14,824 - __main__ - INFO - ============================================================
2025-11-27 14:34:43,116 - __main__ - INFO - ============================================================
2025-11-27 14:34:43,116 - __main__ - INFO - 네이버 클라우드 플랫폼 월간 리포트 생성 프로그램 시작
2025-11-27 14:34:43,117 - __main__ - INFO - ============================================================
2025-11-27 14:35:55,430 - __main__ - INFO - ============================================================
2025-11-27 14:35:55,431 - __main__ - INFO - 네이버 클라우드 플랫폼 월간 리포트 생성 프로그램 시작
2025-11-27 14:35:55,431 - __main__ - INFO - ============================================================
2025-11-27 14:36:17,095 - __main__ - INFO - ============================================================
2025-11-27 14:36:17,095 - __main__ - INFO - 네이버 클라우드 플랫폼 월간 리포트 생성 프로그램 시작
2025-11-27 14:36:17,095 - __main__ - INFO - ============================================================
2025-11-27 14:36:17,095 - utils.common_rest - INFO - [API Request] GET https://nks.apigw.ntruss.com/vnks/v2/option/server-image?hypervisorCode=XEN
2025-11-27 14:36:17,721 - utils.common_rest - INFO - [API Response] Status: 200
2025-11-27 14:36:17,721 - utils.common_rest - INFO -   - Response Type: List (length: 1)
2025-11-27 14:36:17,722 - utils.common_rest - INFO -   - First Item Type: <class 'dict'>
2025-11-27 14:36:17,722 - utils.common_rest - INFO -   - First Item Keys: ['label', 'value']
2025-11-27 14:36:17,723 - utils.common_rest - INFO -   - First Item: {'label': 'ubuntu-20.04-64-server', 'value': 'SW.VSVR.OS.LNX64.UBNTU.SVR2004.WRKND.B050'}
2025-11-27 15:03:19,084 - __main__ - INFO - ============================================================
2025-11-27 15:03:19,084 - __main__ - INFO - 네이버 클라우드 플랫폼 월간 리포트 생성 프로그램 시작
2025-11-27 15:03:19,084 - __main__ - INFO - ============================================================
2025-11-27 15:03:19,085 - utils.common_rest - INFO - [API Request] GET https://nks.apigw.ntruss.com/vnks/v2/option/server-product-
2025-11-27 15:03:19,458 - utils.common_rest - WARNING - Request failed (attempt 1/3): 404 Client Error: Not Found for url: https://nks.apigw.ntruss.com/vnks/v2/option/server-product-
2025-11-27 15:03:19,458 - utils.common_rest - INFO - Retrying in 1 seconds...
2025-11-27 15:03:20,487 - utils.common_rest - WARNING - Request failed (attempt 2/3): 404 Client Error: Not Found for url: https://nks.apigw.ntruss.com/vnks/v2/option/server-product-
2025-11-27 15:03:20,488 - utils.common_rest - INFO - Retrying in 2 seconds...
2025-11-27 15:03:22,518 - utils.common_rest - ERROR - Request failed after 3 attempts: 404 Client Error: Not Found for url: https://nks.apigw.ntruss.com/vnks/v2/option/server-product-
2025-11-27 15:03:32,969 - __main__ - INFO - ============================================================
2025-11-27 15:03:32,969 - __main__ - INFO - 네이버 클라우드 플랫폼 월간 리포트 생성 프로그램 시작
2025-11-27 15:03:32,969 - __main__ - INFO - ============================================================
2025-11-27 15:03:32,969 - utils.common_rest - INFO - [API Request] GET https://nks.apigw.ntruss.com/vnks/v2/option/server-product
2025-11-27 15:03:33,383 - utils.common_rest - WARNING - Request failed (attempt 1/3): 404 Client Error: Not Found for url: https://nks.apigw.ntruss.com/vnks/v2/option/server-product
2025-11-27 15:03:33,384 - utils.common_rest - INFO - Retrying in 1 seconds...
2025-11-27 15:03:34,427 - utils.common_rest - WARNING - Request failed (attempt 2/3): 404 Client Error: Not Found for url: https://nks.apigw.ntruss.com/vnks/v2/option/server-product
2025-11-27 15:03:34,427 - utils.common_rest - INFO - Retrying in 2 seconds...
2025-11-27 15:03:36,440 - utils.common_rest - ERROR - Request failed after 3 attempts: 404 Client Error: Not Found for url: https://nks.apigw.ntruss.com/vnks/v2/option/server-product
2025-11-27 15:03:50,285 - __main__ - INFO - ============================================================
2025-11-27 15:03:50,285 - __main__ - INFO - 네이버 클라우드 플랫폼 월간 리포트 생성 프로그램 시작
2025-11-27 15:03:50,286 - __main__ - INFO - ============================================================
2025-11-27 15:03:50,286 - utils.common_rest - INFO - [API Request] GET https://nks.apigw.ntruss.com/vnks/v2/option/server-product-code
2025-11-27 15:03:50,675 - utils.common_rest - WARNING - Request failed (attempt 1/3): 400 Client Error: Bad Request for url: https://nks.apigw.ntruss.com/vnks/v2/option/server-product-code
2025-11-27 15:03:50,675 - utils.common_rest - INFO - Retrying in 1 seconds...
2025-11-27 15:03:51,751 - utils.common_rest - WARNING - Request failed (attempt 2/3): 400 Client Error: Bad Request for url: https://nks.apigw.ntruss.com/vnks/v2/option/server-product-code
2025-11-27 15:03:51,751 - utils.common_rest - INFO - Retrying in 2 seconds...
2025-11-27 15:03:53,827 - utils.common_rest - ERROR - Request failed after 3 attempts: 400 Client Error: Bad Request for url: https://nks.apigw.ntruss.com/vnks/v2/option/server-product-code
2025-11-27 15:04:37,291 - __main__ - INFO - ============================================================
2025-11-27 15:04:37,291 - __main__ - INFO - 네이버 클라우드 플랫폼 월간 리포트 생성 프로그램 시작
2025-11-27 15:04:37,291 - __main__ - INFO - ============================================================
2025-11-27 15:04:37,292 - utils.common_rest - INFO - [API Request] GET https://nks.apigw.ntruss.com/vnks/v2/option/server-product-code
2025-11-27 15:04:37,751 - utils.common_rest - WARNING - Request failed (attempt 1/3): 400 Client Error: Bad Request for url: https://nks.apigw.ntruss.com/vnks/v2/option/server-product-code
2025-11-27 15:04:37,752 - utils.common_rest - INFO - Retrying in 1 seconds...
2025-11-27 15:04:38,837 - utils.common_rest - WARNING - Request failed (attempt 2/3): 400 Client Error: Bad Request for url: https://nks.apigw.ntruss.com/vnks/v2/option/server-product-code
2025-11-27 15:04:38,838 - utils.common_rest - INFO - Retrying in 2 seconds...
2025-11-27 15:04:40,919 - utils.common_rest - ERROR - Request failed after 3 attempts: 400 Client Error: Bad Request for url: https://nks.apigw.ntruss.com/vnks/v2/option/server-product-code
2025-11-27 15:11:12,419 - __main__ - INFO - ============================================================
2025-11-27 15:11:12,419 - __main__ - INFO - 네이버 클라우드 플랫폼 월간 리포트 생성 프로그램 시작
2025-11-27 15:11:12,419 - __main__ - INFO - ============================================================
2025-11-27 15:11:12,420 - utils.common_rest - INFO - [API Request] GET https://nks.apigw.ntruss.com/vnks/v2/option/server-product-code?softwareCode=VMWARE&zoneCode=KR-1
2025-11-27 15:11:12,873 - utils.common_rest - INFO - [API Response] Status: 200
2025-11-27 15:11:12,873 - utils.common_rest - INFO -   - Response Type: List (length: 0)
2025-11-27 15:11:25,144 - __main__ - INFO - ============================================================
2025-11-27 15:11:25,144 - __main__ - INFO - 네이버 클라우드 플랫폼 월간 리포트 생성 프로그램 시작
2025-11-27 15:11:25,144 - __main__ - INFO - ============================================================
2025-11-27 15:11:25,144 - utils.common_rest - INFO - [API Request] GET https://nks.apigw.ntruss.com/vnks/v2/option/server-product-code?softwareCode=XEN&zoneCode=KR-1
2025-11-27 15:11:27,916 - utils.common_rest - INFO - [API Response] Status: 200
2025-11-27 15:11:27,917 - utils.common_rest - INFO -   - Response Type: List (length: 0)
2025-11-27 15:11:37,149 - __main__ - INFO - ============================================================
2025-11-27 15:11:37,149 - __main__ - INFO - 네이버 클라우드 플랫폼 월간 리포트 생성 프로그램 시작
2025-11-27 15:11:37,149 - __main__ - INFO - ============================================================
2025-11-27 15:11:37,149 - utils.common_rest - INFO - [API Request] GET https://nks.apigw.ntruss.com/vnks/v2/option/server-product-code?softwareCode=CENTOS&zoneCode=KR-1
2025-11-27 15:11:37,661 - utils.common_rest - INFO - [API Response] Status: 200
2025-11-27 15:11:37,661 - utils.common_rest - INFO -   - Response Type: List (length: 0)
2025-11-27 15:12:10,239 - __main__ - INFO - ============================================================
2025-11-27 15:12:10,239 - __main__ - INFO - 네이버 클라우드 플랫폼 월간 리포트 생성 프로그램 시작
2025-11-27 15:12:10,239 - __main__ - INFO - ============================================================
2025-11-27 15:12:10,240 - utils.common_rest - INFO - [API Request] GET https://nks.apigw.ntruss.com/vnks/v2/option/server-product-code?softwareCode=3063991&zoneCode=KR-1
2025-11-27 15:12:10,952 - utils.common_rest - INFO - [API Response] Status: 200
2025-11-27 15:12:10,952 - utils.common_rest - INFO -   - Response Type: List (length: 0)
2025-11-27 15:12:17,280 - __main__ - INFO - ============================================================
2025-11-27 15:12:17,281 - __main__ - INFO - 네이버 클라우드 플랫폼 월간 리포트 생성 프로그램 시작
2025-11-27 15:12:17,281 - __main__ - INFO - ============================================================
2025-11-27 15:12:17,281 - utils.common_rest - INFO - [API Request] GET https://nks.apigw.ntruss.com/vnks/v2/option/server-product-code?softwareCode=3466796&zoneCode=KR-1
2025-11-27 15:12:17,663 - utils.common_rest - INFO - [API Response] Status: 200
2025-11-27 15:12:17,663 - utils.common_rest - INFO -   - Response Type: List (length: 0)
2025-11-27 15:12:23,991 - __main__ - INFO - ============================================================
2025-11-27 15:12:23,991 - __main__ - INFO - 네이버 클라우드 플랫폼 월간 리포트 생성 프로그램 시작
2025-11-27 15:12:23,991 - __main__ - INFO - ============================================================
2025-11-27 15:12:23,991 - utils.common_rest - INFO - [API Request] GET https://nks.apigw.ntruss.com/vnks/v2/option/server-product-code?softwareCode=3466796&zoneCode=KR1
2025-11-27 15:12:25,134 - utils.common_rest - WARNING - Request failed (attempt 1/3): 500 Server Error: Internal Server Error for url: https://nks.apigw.ntruss.com/vnks/v2/option/server-product-code?softwareCode=3466796&zoneCode=KR1
2025-11-27 15:12:25,134 - utils.common_rest - INFO - Retrying in 1 seconds...
2025-11-27 15:12:26,930 - utils.common_rest - WARNING - Request failed (attempt 2/3): 500 Server Error: Internal Server Error for url: https://nks.apigw.ntruss.com/vnks/v2/option/server-product-code?softwareCode=3466796&zoneCode=KR1
2025-11-27 15:12:26,930 - utils.common_rest - INFO - Retrying in 2 seconds...
2025-11-27 15:12:30,060 - utils.common_rest - ERROR - Request failed after 3 attempts: 500 Server Error: Internal Server Error for url: https://nks.apigw.ntruss.com/vnks/v2/option/server-product-code?softwareCode=3466796&zoneCode=KR1
2025-11-27 16:31:56,053 - __main__ - INFO - ============================================================
2025-11-27 16:31:56,053 - __main__ - INFO - 네이버 클라우드 플랫폼 월간 리포트 생성 프로그램 시작
2025-11-27 16:31:56,053 - __main__ - INFO - ============================================================
2025-11-27 16:31:56,054 - utils.common_rest - INFO - [API Request] GET https://nks.apigw.ntruss.com/vnks/v2/option/server-product-code?softwareCode=3466796&zoneCode=KR1
2025-11-27 16:31:56,501 - utils.common_rest - WARNING - Request failed (attempt 1/3): 500 Server Error: Internal Server Error for url: https://nks.apigw.ntruss.com/vnks/v2/option/server-product-code?softwareCode=3466796&zoneCode=KR1
2025-11-27 16:31:56,502 - utils.common_rest - INFO - Retrying in 1 seconds...
2025-11-27 16:31:57,581 - utils.common_rest - WARNING - Request failed (attempt 2/3): 500 Server Error: Internal Server Error for url: https://nks.apigw.ntruss.com/vnks/v2/option/server-product-code?softwareCode=3466796&zoneCode=KR1
2025-11-27 16:31:57,581 - utils.common_rest - INFO - Retrying in 2 seconds...
2025-11-27 16:31:59,704 - utils.common_rest - ERROR - Request failed after 3 attempts: 500 Server Error: Internal Server Error for url: https://nks.apigw.ntruss.com/vnks/v2/option/server-product-code?softwareCode=3466796&zoneCode=KR1
2025-11-27 16:37:14,996 - __main__ - INFO - ============================================================
2025-11-27 16:37:14,996 - __main__ - INFO - 네이버 클라우드 플랫폼 월간 리포트 생성 프로그램 시작
2025-11-27 16:37:14,996 - __main__ - INFO - ============================================================
2025-11-27 16:37:14,997 - utils.common_rest - INFO - [API Request] GET https://nks.apigw.ntruss.com/vnks/v2/option/server-product-code?softwareCode=3466796&zoneCode=KR1
2025-11-27 16:37:15,413 - utils.common_rest - WARNING - Request failed (attempt 1/3): 500 Server Error: Internal Server Error for url: https://nks.apigw.ntruss.com/vnks/v2/option/server-product-code?softwareCode=3466796&zoneCode=KR1
2025-11-27 16:37:15,413 - utils.common_rest - INFO - Retrying in 1 seconds...
2025-11-27 16:37:16,510 - utils.common_rest - WARNING - Request failed (attempt 2/3): 500 Server Error: Internal Server Error for url: https://nks.apigw.ntruss.com/vnks/v2/option/server-product-code?softwareCode=3466796&zoneCode=KR1
2025-11-27 16:37:16,510 - utils.common_rest - INFO - Retrying in 2 seconds...
2025-11-27 16:37:18,587 - utils.common_rest - ERROR - Request failed after 3 attempts: 500 Server Error: Internal Server Error for url: https://nks.apigw.ntruss.com/vnks/v2/option/server-product-code?softwareCode=3466796&zoneCode=KR1
2025-11-27 17:01:43,651 - __main__ - INFO - ============================================================
2025-11-27 17:01:43,652 - __main__ - INFO - 네이버 클라우드 플랫폼 월간 리포트 생성 프로그램 시작
2025-11-27 17:01:43,652 - __main__ - INFO - ============================================================
2025-11-27 17:02:28,395 - __main__ - INFO - ============================================================
2025-11-27 17:02:28,395 - __main__ - INFO - 네이버 클라우드 플랫폼 월간 리포트 생성 프로그램 시작
2025-11-27 17:02:28,396 - __main__ - INFO - ============================================================
2025-11-27 17:02:35,673 - __main__ - INFO - ============================================================
2025-11-27 17:02:35,673 - __main__ - INFO - 네이버 클라우드 플랫폼 월간 리포트 생성 프로그램 시작
2025-11-27 17:02:35,673 - __main__ - INFO - ============================================================
2025-11-27 17:02:35,674 - utils.common_rest - INFO - [API Request] GET https://test-bucket.kr    #kr, krs, jpn, sgn.ncloudstorage.com/('test-bucket', 'KR1')
2025-11-27 17:02:35,681 - utils.common_rest - WARNING - Request failed (attempt 1/3): HTTPSConnectionPool(host='test-bucket.kr%20%20%20%20', port=443): Max retries exceeded with url: / (Caused by NameResolutionError("<urllib3.connection.HTTPSConnection object at 0x00000189F8356660>: Failed to resolve 'test-bucket.kr%20%20%20%20' ([Errno 11001] getaddrinfo failed)"))
2025-11-27 17:02:35,681 - utils.common_rest - INFO - Retrying in 1 seconds...
2025-11-27 17:02:36,683 - utils.common_rest - WARNING - Request failed (attempt 2/3): HTTPSConnectionPool(host='test-bucket.kr%20%20%20%20', port=443): Max retries exceeded with url: / (Caused by NameResolutionError("<urllib3.connection.HTTPSConnection object at 0x00000189F833B9D0>: Failed to resolve 'test-bucket.kr%20%20%20%20' ([Errno 11001] getaddrinfo failed)"))
2025-11-27 17:02:36,683 - utils.common_rest - INFO - Retrying in 2 seconds...
2025-11-27 17:02:38,685 - utils.common_rest - ERROR - Request failed after 3 attempts: HTTPSConnectionPool(host='test-bucket.kr%20%20%20%20', port=443): Max retries exceeded with url: / (Caused by NameResolutionError("<urllib3.connection.HTTPSConnection object at 0x00000189F838C050>: Failed to resolve 'test-bucket.kr%20%20%20%20' ([Errno 11001] getaddrinfo failed)"))
2025-11-27 17:08:25,615 - __main__ - INFO - ============================================================
2025-11-27 17:08:25,615 - __main__ - INFO - 네이버 클라우드 플랫폼 월간 리포트 생성 프로그램 시작
2025-11-27 17:08:25,615 - __main__ - INFO - ============================================================
2025-11-27 17:08:25,616 - utils.common_rest - INFO - [API Request] GET https://test-bucket.kr    #kr, krs, jpn, sgn.ncloudstorage.com/('test-bucket', 'KR1')
2025-11-27 17:08:25,622 - utils.common_rest - WARNING - Request failed (attempt 1/3): HTTPSConnectionPool(host='test-bucket.kr%20%20%20%20', port=443): Max retries exceeded with url: / (Caused by NameResolutionError("<urllib3.connection.HTTPSConnection object at 0x000001629C1F27B0>: Failed to resolve 'test-bucket.kr%20%20%20%20' ([Errno 11001] getaddrinfo failed)"))
2025-11-27 17:08:25,622 - utils.common_rest - INFO - Retrying in 1 seconds...
2025-11-27 17:08:26,624 - utils.common_rest - WARNING - Request failed (attempt 2/3): HTTPSConnectionPool(host='test-bucket.kr%20%20%20%20', port=443): Max retries exceeded with url: / (Caused by NameResolutionError("<urllib3.connection.HTTPSConnection object at 0x000001629C1DB9D0>: Failed to resolve 'test-bucket.kr%20%20%20%20' ([Errno 11001] getaddrinfo failed)"))
2025-11-27 17:08:26,624 - utils.common_rest - INFO - Retrying in 2 seconds...
2025-11-27 17:08:28,626 - utils.common_rest - ERROR - Request failed after 3 attempts: HTTPSConnectionPool(host='test-bucket.kr%20%20%20%20', port=443): Max retries exceeded with url: / (Caused by NameResolutionError("<urllib3.connection.HTTPSConnection object at 0x000001629C22C050>: Failed to resolve 'test-bucket.kr%20%20%20%20' ([Errno 11001] getaddrinfo failed)"))
2025-11-27 17:10:19,453 - __main__ - INFO - ============================================================
2025-11-27 17:10:19,454 - __main__ - INFO - 네이버 클라우드 플랫폼 월간 리포트 생성 프로그램 시작
2025-11-27 17:10:19,454 - __main__ - INFO - ============================================================
2025-11-27 17:10:19,454 - utils.common_rest - INFO - [API Request] GET https://test-bucket.kr    #kr, krs, jpn, sgn.ncloudstorage.com/('test-bucket', 'KR')
2025-11-27 17:10:19,460 - utils.common_rest - WARNING - Request failed (attempt 1/3): HTTPSConnectionPool(host='test-bucket.kr%20%20%20%20', port=443): Max retries exceeded with url: / (Caused by NameResolutionError("<urllib3.connection.HTTPSConnection object at 0x0000022F767227B0>: Failed to resolve 'test-bucket.kr%20%20%20%20' ([Errno 11001] getaddrinfo failed)"))
2025-11-27 17:10:19,460 - utils.common_rest - INFO - Retrying in 1 seconds...
2025-11-27 17:10:20,462 - utils.common_rest - WARNING - Request failed (attempt 2/3): HTTPSConnectionPool(host='test-bucket.kr%20%20%20%20', port=443): Max retries exceeded with url: / (Caused by NameResolutionError("<urllib3.connection.HTTPSConnection object at 0x0000022F7670B9D0>: Failed to resolve 'test-bucket.kr%20%20%20%20' ([Errno 11001] getaddrinfo failed)"))
2025-11-27 17:10:20,463 - utils.common_rest - INFO - Retrying in 2 seconds...
2025-11-27 17:10:22,465 - utils.common_rest - ERROR - Request failed after 3 attempts: HTTPSConnectionPool(host='test-bucket.kr%20%20%20%20', port=443): Max retries exceeded with url: / (Caused by NameResolutionError("<urllib3.connection.HTTPSConnection object at 0x0000022F7675C050>: Failed to resolve 'test-bucket.kr%20%20%20%20' ([Errno 11001] getaddrinfo failed)"))
2025-11-27 17:10:56,621 - __main__ - INFO - ============================================================
2025-11-27 17:10:56,621 - __main__ - INFO - 네이버 클라우드 플랫폼 월간 리포트 생성 프로그램 시작
2025-11-27 17:10:56,622 - __main__ - INFO - ============================================================
2025-11-27 17:10:56,622 - utils.common_rest - INFO - [API Request] GET https://test-bucket.kr    #kr, krs, jpn, sgn.ncloudstorage.com/('test-bucket', 'KR')
2025-11-27 17:10:56,628 - utils.common_rest - WARNING - Request failed (attempt 1/3): HTTPSConnectionPool(host='test-bucket.kr%20%20%20%20', port=443): Max retries exceeded with url: / (Caused by NameResolutionError("<urllib3.connection.HTTPSConnection object at 0x0000028CF02227B0>: Failed to resolve 'test-bucket.kr%20%20%20%20' ([Errno 11001] getaddrinfo failed)"))
2025-11-27 17:10:56,628 - utils.common_rest - INFO - Retrying in 1 seconds...
2025-11-27 17:10:57,630 - utils.common_rest - WARNING - Request failed (attempt 2/3): HTTPSConnectionPool(host='test-bucket.kr%20%20%20%20', port=443): Max retries exceeded with url: / (Caused by NameResolutionError("<urllib3.connection.HTTPSConnection object at 0x0000028CF020B9D0>: Failed to resolve 'test-bucket.kr%20%20%20%20' ([Errno 11001] getaddrinfo failed)"))
2025-11-27 17:10:57,630 - utils.common_rest - INFO - Retrying in 2 seconds...
2025-11-27 17:10:59,632 - utils.common_rest - ERROR - Request failed after 3 attempts: HTTPSConnectionPool(host='test-bucket.kr%20%20%20%20', port=443): Max retries exceeded with url: / (Caused by NameResolutionError("<urllib3.connection.HTTPSConnection object at 0x0000028CF025C050>: Failed to resolve 'test-bucket.kr%20%20%20%20' ([Errno 11001] getaddrinfo failed)"))
2025-11-27 17:16:29,343 - __main__ - INFO - ============================================================
2025-11-27 17:16:29,344 - __main__ - INFO - 네이버 클라우드 플랫폼 월간 리포트 생성 프로그램 시작
2025-11-27 17:16:29,344 - __main__ - INFO - ============================================================
2025-11-27 17:16:29,344 - utils.common_rest - INFO - [API Request] GET https://test-bucket.kr.ncloudstorage.com
2025-11-27 17:16:29,726 - utils.common_rest - WARNING - Request failed (attempt 1/3): 403 Client Error: Forbidden for url: https://test-bucket.kr.ncloudstorage.com/
2025-11-27 17:16:29,726 - utils.common_rest - INFO - Retrying in 1 seconds...
2025-11-27 17:16:30,732 - utils.common_rest - WARNING - Request failed (attempt 2/3): 403 Client Error: Forbidden for url: https://test-bucket.kr.ncloudstorage.com/
2025-11-27 17:16:30,732 - utils.common_rest - INFO - Retrying in 2 seconds...
2025-11-27 17:16:32,738 - utils.common_rest - ERROR - Request failed after 3 attempts: 403 Client Error: Forbidden for url: https://test-bucket.kr.ncloudstorage.com/
2025-11-27 17:17:21,259 - __main__ - INFO - ============================================================
2025-11-27 17:17:21,260 - __main__ - INFO - 네이버 클라우드 플랫폼 월간 리포트 생성 프로그램 시작
2025-11-27 17:17:21,260 - __main__ - INFO - ============================================================
2025-11-27 17:17:21,260 - utils.common_rest - INFO - [API Request] GET https://test-bucket.kr.ncloudstorage.com
2025-11-27 17:17:21,559 - utils.common_rest - WARNING - Request failed (attempt 1/3): 403 Client Error: Forbidden for url: https://test-bucket.kr.ncloudstorage.com/
2025-11-27 17:17:21,559 - utils.common_rest - INFO - Retrying in 1 seconds...
2025-11-27 17:17:22,565 - utils.common_rest - WARNING - Request failed (attempt 2/3): 403 Client Error: Forbidden for url: https://test-bucket.kr.ncloudstorage.com/
2025-11-27 17:17:22,566 - utils.common_rest - INFO - Retrying in 2 seconds...
2025-11-27 17:17:24,571 - utils.common_rest - ERROR - Request failed after 3 attempts: 403 Client Error: Forbidden for url: https://test-bucket.kr.ncloudstorage.com/
2025-11-27 17:17:28,096 - __main__ - INFO - ============================================================
2025-11-27 17:17:28,096 - __main__ - INFO - 네이버 클라우드 플랫폼 월간 리포트 생성 프로그램 시작
2025-11-27 17:17:28,097 - __main__ - INFO - ============================================================
2025-11-27 17:17:28,097 - utils.common_rest - INFO - [API Request] GET https://test-bucket.kr.ncloudstorage.com
2025-11-27 17:17:28,402 - utils.common_rest - WARNING - Request failed (attempt 1/3): 403 Client Error: Forbidden for url: https://test-bucket.kr.ncloudstorage.com/
2025-11-27 17:17:28,403 - utils.common_rest - INFO - Retrying in 1 seconds...
2025-11-27 17:17:29,408 - utils.common_rest - WARNING - Request failed (attempt 2/3): 403 Client Error: Forbidden for url: https://test-bucket.kr.ncloudstorage.com/
2025-11-27 17:17:29,412 - utils.common_rest - INFO - Retrying in 2 seconds...
2025-11-27 17:17:31,421 - utils.common_rest - ERROR - Request failed after 3 attempts: 403 Client Error: Forbidden for url: https://test-bucket.kr.ncloudstorage.com/
2025-11-27 17:17:32,496 - __main__ - INFO - ============================================================
2025-11-27 17:17:32,496 - __main__ - INFO - 네이버 클라우드 플랫폼 월간 리포트 생성 프로그램 시작
2025-11-27 17:17:32,497 - __main__ - INFO - ============================================================
2025-11-27 17:17:32,497 - utils.common_rest - INFO - [API Request] GET https://test-bucket.kr.ncloudstorage.com
2025-11-27 17:17:32,799 - utils.common_rest - WARNING - Request failed (attempt 1/3): 403 Client Error: Forbidden for url: https://test-bucket.kr.ncloudstorage.com/
2025-11-27 17:17:32,800 - utils.common_rest - INFO - Retrying in 1 seconds...
2025-11-27 17:17:33,805 - utils.common_rest - WARNING - Request failed (attempt 2/3): 403 Client Error: Forbidden for url: https://test-bucket.kr.ncloudstorage.com/
2025-11-27 17:17:33,805 - utils.common_rest - INFO - Retrying in 2 seconds...
2025-11-27 17:17:35,819 - utils.common_rest - ERROR - Request failed after 3 attempts: 403 Client Error: Forbidden for url: https://test-bucket.kr.ncloudstorage.com/
2025-11-27 17:17:36,925 - __main__ - INFO - ============================================================
2025-11-27 17:17:36,926 - __main__ - INFO - 네이버 클라우드 플랫폼 월간 리포트 생성 프로그램 시작
2025-11-27 17:17:36,926 - __main__ - INFO - ============================================================
2025-11-27 17:17:36,926 - utils.common_rest - INFO - [API Request] GET https://test-bucket.kr.ncloudstorage.com
2025-11-27 17:17:37,217 - utils.common_rest - WARNING - Request failed (attempt 1/3): 403 Client Error: Forbidden for url: https://test-bucket.kr.ncloudstorage.com/
2025-11-27 17:17:37,218 - utils.common_rest - INFO - Retrying in 1 seconds...
2025-11-27 17:17:38,226 - utils.common_rest - WARNING - Request failed (attempt 2/3): 403 Client Error: Forbidden for url: https://test-bucket.kr.ncloudstorage.com/
2025-11-27 17:17:38,227 - utils.common_rest - INFO - Retrying in 2 seconds...
2025-11-27 17:17:40,234 - utils.common_rest - ERROR - Request failed after 3 attempts: 403 Client Error: Forbidden for url: https://test-bucket.kr.ncloudstorage.com/
2025-11-27 17:17:41,632 - __main__ - INFO - ============================================================
2025-11-27 17:17:41,633 - __main__ - INFO - 네이버 클라우드 플랫폼 월간 리포트 생성 프로그램 시작
2025-11-27 17:17:41,633 - __main__ - INFO - ============================================================
2025-11-27 17:17:41,633 - utils.common_rest - INFO - [API Request] GET https://test-bucket.kr.ncloudstorage.com
2025-11-27 17:17:41,932 - utils.common_rest - WARNING - Request failed (attempt 1/3): 403 Client Error: Forbidden for url: https://test-bucket.kr.ncloudstorage.com/
2025-11-27 17:17:41,933 - utils.common_rest - INFO - Retrying in 1 seconds...
2025-11-27 17:17:42,938 - utils.common_rest - WARNING - Request failed (attempt 2/3): 403 Client Error: Forbidden for url: https://test-bucket.kr.ncloudstorage.com/
2025-11-27 17:17:42,939 - utils.common_rest - INFO - Retrying in 2 seconds...
2025-11-27 17:17:44,948 - utils.common_rest - ERROR - Request failed after 3 attempts: 403 Client Error: Forbidden for url: https://test-bucket.kr.ncloudstorage.com/
2025-11-28 10:07:13,068 - __main__ - INFO - ============================================================
2025-11-28 10:07:13,069 - __main__ - INFO - 네이버 클라우드 플랫폼 월간 리포트 생성 프로그램 시작
2025-11-28 10:07:13,069 - __main__ - INFO - ============================================================
2025-11-28 13:53:13,719 - __main__ - INFO - ============================================================
2025-11-28 13:53:13,720 - __main__ - INFO - 네이버 클라우드 플랫폼 월간 리포트 생성 프로그램 시작
2025-11-28 13:53:13,720 - __main__ - INFO - ============================================================
2025-11-28 13:53:42,391 - __main__ - INFO - ============================================================
2025-11-28 13:53:42,392 - __main__ - INFO - 네이버 클라우드 플랫폼 월간 리포트 생성 프로그램 시작
2025-11-28 13:53:42,392 - __main__ - INFO - ============================================================
2025-11-28 13:53:42,392 - utils.common_rest - INFO - [API Request] GET https://ncloud.apigw.ntruss.com/vnas/v2/getNasVolumeInstanceList?responseFormatType=json
2025-11-28 13:53:42,968 - utils.common_rest - INFO - [API Response] Status: 200
2025-11-28 13:53:42,969 - utils.common_rest - INFO -   - Response Type: Dict
2025-11-28 13:53:42,969 - utils.common_rest - INFO -   - Response Keys: ['getNasVolumeInstanceListResponse']
2025-11-28 13:53:42,969 - utils.common_rest - INFO -   - Response Body (first 1000 chars): {
  "getNasVolumeInstanceListResponse": {
    "totalRows": 1,
    "nasVolumeInstanceList": [
      {
        "nasVolumeInstanceNo": "27846768",
        "nasVolumeInstanceStatus": {
          "code": "CREAT",
          "codeName": "NAS 생성 상태"
        },
        "nasVolumeInstanceOperation": {
          "code": "NULL",
          "codeName": "NAS NULL OP"
        },
        "nasVolumeInstanceStatusName": "created",
        "createDate": "2025-03-11T17:15:31+0900",
        "nasVolumeDescription": "",
        "mountInformation": "169.254.0.20:/n3276162_pvcb9d0acae203542c3b",
        "volumeAllotmentProtocolType": {
          "code": "NFS",
          "codeName": "NFS"
        },
        "volumeName": "n3276162_pvcb9d0acae203542c3b",
        "volumeTotalSize": 536870912000,
        "volumeSize": 536870912000,
        "snapshotVolumeConfigurationRatio": 0.0,
        "snapshotVolumeSize": 0,
        "isSnapshotConfiguration": false,
        "isEventConfiguration": false,
        "regionCode": "...
2025-11-28 13:55:29,925 - __main__ - INFO - ============================================================
2025-11-28 13:55:29,925 - __main__ - INFO - 네이버 클라우드 플랫폼 월간 리포트 생성 프로그램 시작
2025-11-28 13:55:29,925 - __main__ - INFO - ============================================================
2025-11-28 14:01:13,517 - __main__ - INFO - ============================================================
2025-11-28 14:01:13,517 - __main__ - INFO - 네이버 클라우드 플랫폼 월간 리포트 생성 프로그램 시작
2025-11-28 14:01:13,517 - __main__ - INFO - ============================================================
2025-11-28 14:04:45,249 - __main__ - INFO - ============================================================
2025-11-28 14:04:45,249 - __main__ - INFO - 네이버 클라우드 플랫폼 월간 리포트 생성 프로그램 시작
2025-11-28 14:04:45,249 - __main__ - INFO - ============================================================
2025-11-28 14:04:45,250 - utils.common_rest - INFO - [API Request] GET https://ncloud.apigw.ntruss.com/vnas/v2/getNasVolumeInstanceDetail?nasVolumeInstanceNo=27846768&responseFormatType=json
2025-11-28 14:04:45,726 - utils.common_rest - INFO - [API Response] Status: 200
2025-11-28 14:04:45,727 - utils.common_rest - INFO -   - Response Type: Dict
2025-11-28 14:04:45,727 - utils.common_rest - INFO -   - Response Keys: ['getNasVolumeInstanceDetailResponse']
2025-11-28 14:04:45,727 - utils.common_rest - INFO -   - Response Body (first 1000 chars): {
  "getNasVolumeInstanceDetailResponse": {
    "totalRows": 1,
    "nasVolumeInstanceList": [
      {
        "nasVolumeInstanceNo": "27846768",
        "nasVolumeInstanceStatus": {
          "code": "CREAT",
          "codeName": "NAS 생성 상태"
        },
        "nasVolumeInstanceOperation": {
          "code": "NULL",
          "codeName": "NAS NULL OP"
        },
        "nasVolumeInstanceStatusName": "created",
        "createDate": "2025-03-11T17:15:31+0900",
        "nasVolumeDescription": "",
        "mountInformation": "169.254.0.20:/n3276162_pvcb9d0acae203542c3b",
        "volumeAllotmentProtocolType": {
          "code": "NFS",
          "codeName": "NFS"
        },
        "volumeName": "n3276162_pvcb9d0acae203542c3b",
        "volumeTotalSize": 536870912000,
        "volumeSize": 536870912000,
        "snapshotVolumeConfigurationRatio": 0.0,
        "snapshotVolumeSize": 0,
        "isSnapshotConfiguration": false,
        "isEventConfiguration": false,
        "regionCode":...
2025-11-28 14:06:38,538 - __main__ - INFO - ============================================================
2025-11-28 14:06:38,539 - __main__ - INFO - 네이버 클라우드 플랫폼 월간 리포트 생성 프로그램 시작
2025-11-28 14:06:38,539 - __main__ - INFO - ============================================================
2025-11-28 14:06:38,539 - utils.common_rest - INFO - [API Request] GET https://ncloud.apigw.ntruss.com/vnas/v2/getNasVolumeAccessControlRuleList?nasVolumeInstanceNo=27846768&responseFormatType=json
2025-11-28 14:06:39,031 - utils.common_rest - INFO - [API Response] Status: 200
2025-11-28 14:06:39,031 - utils.common_rest - INFO -   - Response Type: Dict
2025-11-28 14:06:39,031 - utils.common_rest - INFO -   - Response Keys: ['getNasVolumeAccessControlRuleListResponse']
2025-11-28 14:06:39,031 - utils.common_rest - INFO -   - Response Body: {
  "getNasVolumeAccessControlRuleListResponse": {
    "totalRows": 3,
    "nasVolumeAccessControlRuleList": [
      {
        "serverInstanceNo": "22928069",
        "readAccess": true,
        "writeAccess": true
      },
      {
        "serverInstanceNo": "24410372",
        "readAccess": true,
        "writeAccess": true
      },
      {
        "serverInstanceNo": "103473697",
        "readAccess": true,
        "writeAccess": true
      }
    ],
    "requestId": "c18ec5ff-8fee-44ea-b65f-78c90df64672",
    "returnCode": "0",
    "returnMessage": "success"
  }
}
2025-11-28 14:13:43,270 - __main__ - INFO - ============================================================
2025-11-28 14:13:43,270 - __main__ - INFO - 네이버 클라우드 플랫폼 월간 리포트 생성 프로그램 시작
2025-11-28 14:13:43,271 - __main__ - INFO - ============================================================
2025-11-28 14:13:43,271 - utils.common_rest - INFO - [API Request] GET https://ncloud.apigw.ntruss.com/vnas/v2/getNasVolumeInstanceRatingList?nasVolumeInstanceNo=27846768&startTime=2024-04-01T00%3A00%3A00%2B0900&endTime=2024-04-02T00%3A00%3A00%2B0900&interval=5m&responseFormatType=json
2025-11-28 14:13:43,743 - utils.common_rest - INFO - [API Response] Status: 200
2025-11-28 14:13:43,743 - utils.common_rest - INFO -   - Response Type: Dict
2025-11-28 14:13:43,744 - utils.common_rest - INFO -   - Response Keys: ['getNasVolumeInstanceRatingListResponse']
2025-11-28 14:13:43,744 - utils.common_rest - INFO -   - Response Body: {
  "getNasVolumeInstanceRatingListResponse": {
    "totalRows": 0,
    "nasVolumeInstanceRatingList": [],
    "requestId": "e5fda834-dbbd-4a13-8dba-89cfdd5a691f",
    "returnCode": "0",
    "returnMessage": "success"
  }
}
2025-11-28 14:20:38,515 - __main__ - INFO - ============================================================
2025-11-28 14:20:38,515 - __main__ - INFO - 네이버 클라우드 플랫폼 월간 리포트 생성 프로그램 시작
2025-11-28 14:20:38,516 - __main__ - INFO - ============================================================
2025-11-28 14:20:38,516 - utils.common_rest - INFO - [API Request] GET https://ncloud.apigw.ntruss.com/vnas/v2/getNasVolumeSnapshotConfigurationHistoryList?nasVolumeInstanceNo=27846768&responseFormatType=json
2025-11-28 14:20:38,907 - utils.common_rest - INFO - [API Response] Status: 200
2025-11-28 14:20:38,907 - utils.common_rest - INFO -   - Response Type: Dict
2025-11-28 14:20:38,907 - utils.common_rest - INFO -   - Response Keys: ['getNasVolumeSnapshotConfigurationHistoryListResponse']
2025-11-28 14:20:38,908 - utils.common_rest - INFO -   - Response Body: {
  "getNasVolumeSnapshotConfigurationHistoryListResponse": {
    "totalRows": 0,
    "nasVolumeSnapshotConfigurationHistoryList": [],
    "requestId": "",
    "returnCode": "0",
    "returnMessage": "success"
  }
}
2025-11-28 14:24:56,429 - __main__ - INFO - ============================================================
2025-11-28 14:24:56,429 - __main__ - INFO - 네이버 클라우드 플랫폼 월간 리포트 생성 프로그램 시작
2025-11-28 14:24:56,429 - __main__ - INFO - ============================================================
2025-11-28 14:24:56,430 - utils.common_rest - INFO - [API Request] GET https://ncloud.apigw.ntruss.com/vnas/v2/getNasVolumeSnapshotConfigurationHistoryList?nasVolumeInstanceNo=27846768&responseFormatType=json
2025-11-28 14:24:56,992 - utils.common_rest - INFO - [API Response] Status: 200
2025-11-28 14:24:56,993 - utils.common_rest - INFO -   - Response Type: Dict
2025-11-28 14:24:56,993 - utils.common_rest - INFO -   - Response Keys: ['getNasVolumeSnapshotConfigurationHistoryListResponse']
2025-11-28 14:24:56,993 - utils.common_rest - INFO -   - Response Body: {
  "getNasVolumeSnapshotConfigurationHistoryListResponse": {
    "totalRows": 0,
    "nasVolumeSnapshotConfigurationHistoryList": [],
    "requestId": "",
    "returnCode": "0",
    "returnMessage": "success"
  }
}
2025-11-28 14:26:03,915 - __main__ - INFO - ============================================================
2025-11-28 14:26:03,915 - __main__ - INFO - 네이버 클라우드 플랫폼 월간 리포트 생성 프로그램 시작
2025-11-28 14:26:03,915 - __main__ - INFO - ============================================================
2025-11-28 14:26:03,916 - utils.common_rest - INFO - [API Request] GET https://ncloud.apigw.ntruss.com/vnas/v2/getNasVolumeSnapshotList?nasVolumeInstanceNo=27846768&responseFormatType=json
2025-11-28 14:26:04,399 - utils.common_rest - INFO - [API Response] Status: 200
2025-11-28 14:26:04,400 - utils.common_rest - INFO -   - Response Type: Dict
2025-11-28 14:26:04,401 - utils.common_rest - INFO -   - Response Keys: ['getNasVolumeSnapshotListResponse']
2025-11-28 14:26:04,401 - utils.common_rest - INFO -   - Response Body: {
  "getNasVolumeSnapshotListResponse": {
    "totalRows": 0,
    "nasVolumeSnapshotList": [],
    "requestId": "",
    "returnCode": "0",
    "returnMessage": "success"
  }
}
2025-11-28 15:06:13,101 - __main__ - INFO - ============================================================
2025-11-28 15:06:13,101 - __main__ - INFO - 네이버 클라우드 플랫폼 월간 리포트 생성 프로그램 시작
2025-11-28 15:06:13,101 - __main__ - INFO - ============================================================
2025-11-28 15:06:13,102 - utils.common_rest - INFO - [API Request] GET https://ncloud.apigw.ntruss.com/vpc/v2/getVpcList?responseFormatType=json&regionCode=KR++++%23KR%2C+KRS%2C+JPN%2C+SGN
2025-11-28 15:06:13,459 - utils.common_rest - WARNING - Request failed (attempt 1/3): 400 Client Error: Bad Request for url: https://ncloud.apigw.ntruss.com/vpc/v2/getVpcList?responseFormatType=json&regionCode=KR++++%23KR%2C+KRS%2C+JPN%2C+SGN
2025-11-28 15:06:13,459 - utils.common_rest - INFO - Retrying in 1 seconds...
2025-11-28 15:06:14,490 - utils.common_rest - WARNING - Request failed (attempt 2/3): 400 Client Error: Bad Request for url: https://ncloud.apigw.ntruss.com/vpc/v2/getVpcList?responseFormatType=json&regionCode=KR++++%23KR%2C+KRS%2C+JPN%2C+SGN
2025-11-28 15:06:14,491 - utils.common_rest - INFO - Retrying in 2 seconds...
2025-11-28 15:06:16,519 - utils.common_rest - ERROR - Request failed after 3 attempts: 400 Client Error: Bad Request for url: https://ncloud.apigw.ntruss.com/vpc/v2/getVpcList?responseFormatType=json&regionCode=KR++++%23KR%2C+KRS%2C+JPN%2C+SGN
2025-11-28 15:07:58,407 - __main__ - INFO - ============================================================
2025-11-28 15:07:58,408 - __main__ - INFO - 네이버 클라우드 플랫폼 월간 리포트 생성 프로그램 시작
2025-11-28 15:07:58,408 - __main__ - INFO - ============================================================
2025-11-28 15:07:58,408 - utils.common_rest - INFO - [API Request] GET https://ncloud.apigw.ntruss.com/vpc/v2/getVpcList?responseFormatType=json&regionCode=KR++++%23KR%2C+KRS%2C+JPN%2C+SGN
2025-11-28 15:07:58,736 - utils.common_rest - WARNING - Request failed (attempt 1/3): 400 Client Error: Bad Request for url: https://ncloud.apigw.ntruss.com/vpc/v2/getVpcList?responseFormatType=json&regionCode=KR++++%23KR%2C+KRS%2C+JPN%2C+SGN
2025-11-28 15:07:58,736 - utils.common_rest - INFO - Retrying in 1 seconds...
2025-11-28 15:07:59,758 - utils.common_rest - WARNING - Request failed (attempt 2/3): 400 Client Error: Bad Request for url: https://ncloud.apigw.ntruss.com/vpc/v2/getVpcList?responseFormatType=json&regionCode=KR++++%23KR%2C+KRS%2C+JPN%2C+SGN
2025-11-28 15:07:59,758 - utils.common_rest - INFO - Retrying in 2 seconds...
2025-11-28 15:08:01,786 - utils.common_rest - ERROR - Request failed after 3 attempts: 400 Client Error: Bad Request for url: https://ncloud.apigw.ntruss.com/vpc/v2/getVpcList?responseFormatType=json&regionCode=KR++++%23KR%2C+KRS%2C+JPN%2C+SGN
2025-11-28 15:08:35,292 - __main__ - INFO - ============================================================
2025-11-28 15:08:35,292 - __main__ - INFO - 네이버 클라우드 플랫폼 월간 리포트 생성 프로그램 시작
2025-11-28 15:08:35,292 - __main__ - INFO - ============================================================
2025-11-28 15:09:29,097 - __main__ - INFO - ============================================================
2025-11-28 15:09:29,097 - __main__ - INFO - 네이버 클라우드 플랫폼 월간 리포트 생성 프로그램 시작
2025-11-28 15:09:29,098 - __main__ - INFO - ============================================================
2025-11-28 15:09:29,098 - utils.common_rest - INFO - [API Request] GET https://ncloud.apigw.ntruss.com/vpc/v2/getVpcList?responseFormatType=json&regionCode=KR
2025-11-28 15:09:30,117 - utils.common_rest - INFO - [API Response] Status: 200
2025-11-28 15:09:30,117 - utils.common_rest - INFO -   - Response Type: Dict
2025-11-28 15:09:30,117 - utils.common_rest - INFO -   - Response Keys: ['getVpcListResponse']
2025-11-28 15:09:30,117 - utils.common_rest - INFO -   - Response Body (first 1000 chars): {
  "getVpcListResponse": {
    "totalRows": 4,
    "vpcList": [
      {
        "vpcNo": "127361",
        "vpcName": "saas-builder-test-vpc",
        "ipv4CidrBlock": "172.16.0.0/16",
        "vpcStatus": {
          "code": "RUN",
          "codeName": "운영중"
        },
        "regionCode": "KR",
        "vpcType": "NORMAL",
        "createDate": "2025-10-30T14:27:20+0900"
      },
      {
        "vpcNo": "126112",
        "vpcName": "qa-funtions",
        "ipv4CidrBlock": "10.20.0.0/16",
        "vpcStatus": {
          "code": "RUN",
          "codeName": "운영중"
        },
        "regionCode": "KR",
        "vpcType": "NORMAL",
        "createDate": "2025-10-13T13:55:22+0900"
      },
      {
        "vpcNo": "69682",
        "vpcName": "testvpc-hmcho",
        "ipv4CidrBlock": "192.168.0.0/16",
        "vpcStatus": {
          "code": "RUN",
          "codeName": "운영중"
        },
        "regionCode": "KR",
        "vpcType": "NORMAL",
        "createDate": "2024-06-25T10:42:24+...
2025-11-28 15:12:21,799 - __main__ - INFO - ============================================================
2025-11-28 15:12:21,800 - __main__ - INFO - 네이버 클라우드 플랫폼 월간 리포트 생성 프로그램 시작
2025-11-28 15:12:21,800 - __main__ - INFO - ============================================================
2025-11-28 15:12:21,800 - utils.common_rest - INFO - [API Request] GET https://ncloud.apigw.ntruss.com/vpc/v2/getVpcDetail?vpcNo=127361&responseFormatType=json&regionCode=KR
2025-11-28 15:12:22,206 - utils.common_rest - INFO - [API Response] Status: 200
2025-11-28 15:12:22,207 - utils.common_rest - INFO -   - Response Type: Dict
2025-11-28 15:12:22,207 - utils.common_rest - INFO -   - Response Keys: ['getVpcDetailResponse']
2025-11-28 15:12:22,207 - utils.common_rest - INFO -   - Response Body: {
  "getVpcDetailResponse": {
    "totalRows": 1,
    "vpcList": [
      {
        "vpcNo": "127361",
        "vpcName": "saas-builder-test-vpc",
        "ipv4CidrBlock": "172.16.0.0/16",
        "vpcStatus": {
          "code": "RUN",
          "codeName": "운영중"
        },
        "regionCode": "KR",
        "vpcType": "NORMAL",
        "createDate": "2025-10-30T14:27:20+0900"
      }
    ],
    "requestId": "7dcce0cd-abc8-454e-b1aa-0204cf67e8c7",
    "returnCode": "0",
    "returnMessage": "success"
  }
}
2025-11-28 15:16:30,645 - __main__ - INFO - ============================================================
2025-11-28 15:16:30,646 - __main__ - INFO - 네이버 클라우드 플랫폼 월간 리포트 생성 프로그램 시작
2025-11-28 15:16:30,646 - __main__ - INFO - ============================================================
2025-11-28 15:16:30,646 - utils.common_rest - INFO - [API Request] GET https://ncloud.apigw.ntruss.com/vpc/v2/getSubnetList?responseFormatType=json
2025-11-28 15:16:31,246 - utils.common_rest - INFO - [API Response] Status: 200
2025-11-28 15:16:31,247 - utils.common_rest - INFO -   - Response Type: Dict
2025-11-28 15:16:31,247 - utils.common_rest - INFO -   - Response Keys: ['getSubnetListResponse']
2025-11-28 15:16:31,247 - utils.common_rest - INFO -   - Response Body (first 1000 chars): {
  "getSubnetListResponse": {
    "totalRows": 19,
    "subnetList": [
      {
        "subnetNo": "273309",
        "vpcNo": "57409",
        "zoneCode": "KR-1",
        "subnetName": "sub-rnd-devops-lb-pub",
        "subnet": "10.0.8.0/24",
        "subnetStatus": {
          "code": "RUN",
          "codeName": "운영중"
        },
        "createDate": "2025-11-14T10:54:56+0900",
        "subnetType": {
          "code": "PUBLIC",
          "codeName": "Public"
        },
        "usageType": {
          "code": "LOADB",
          "codeName": "LoadBalancer Only"
        },
        "networkAclNo": "87387"
      },
      {
        "subnetNo": "273308",
        "vpcNo": "57409",
        "zoneCode": "KR-1",
        "subnetName": "sub-rnd-devops-lb-pri",
        "subnet": "10.0.7.0/24",
        "subnetStatus": {
          "code": "RUN",
          "codeName": "운영중"
        },
        "createDate": "2025-11-14T10:54:36+0900",
        "subnetType": {
          "code": "PRIVATE",
          "co...
2025-11-28 15:17:39,758 - __main__ - INFO - ============================================================
2025-11-28 15:17:39,759 - __main__ - INFO - 네이버 클라우드 플랫폼 월간 리포트 생성 프로그램 시작
2025-11-28 15:17:39,759 - __main__ - INFO - ============================================================
2025-11-28 15:17:39,759 - utils.common_rest - INFO - [API Request] GET https://ncloud.apigw.ntruss.com/vpc/v2/getSubnetDetail?subnetNo=266410&responseFormatType=json&regionCode=KR
2025-11-28 15:17:40,137 - utils.common_rest - INFO - [API Response] Status: 200
2025-11-28 15:17:40,137 - utils.common_rest - INFO -   - Response Type: Dict
2025-11-28 15:17:40,137 - utils.common_rest - INFO -   - Response Keys: ['getSubnetDetailResponse']
2025-11-28 15:17:40,138 - utils.common_rest - INFO -   - Response Body: {
  "getSubnetDetailResponse": {
    "totalRows": 1,
    "subnetList": [
      {
        "subnetNo": "266410",
        "vpcNo": "126112",
        "zoneCode": "KR-2",
        "subnetName": "sub-functions-pri",
        "subnet": "10.20.1.0/24",
        "subnetStatus": {
          "code": "RUN",
          "codeName": "운영중"
        },
        "createDate": "2025-10-13T15:15:41+0900",
        "subnetType": {
          "code": "PRIVATE",
          "codeName": "Private"
        },
        "usageType": {
          "code": "GEN",
          "codeName": "General"
        },
        "networkAclNo": "171570"
      }
    ],
    "requestId": "df4c0572-4266-490b-9f76-c0bd1feef8b2",
    "returnCode": "0",
    "returnMessage": "success"
  }
}
2025-11-28 15:22:27,864 - __main__ - INFO - ============================================================
2025-11-28 15:22:27,864 - __main__ - INFO - 네이버 클라우드 플랫폼 월간 리포트 생성 프로그램 시작
2025-11-28 15:22:27,864 - __main__ - INFO - ============================================================
2025-11-28 15:22:27,865 - utils.common_rest - INFO - [API Request] GET https://ncloud.apigw.ntruss.com/vpc/v2/getSubnetDetail?subnetNo=266410&responseFormatType=json&regionCode=KR
2025-11-28 15:22:29,041 - utils.common_rest - INFO - [API Response] Status: 200
2025-11-28 15:22:29,042 - utils.common_rest - INFO -   - Response Type: Dict
2025-11-28 15:22:29,042 - utils.common_rest - INFO -   - Response Keys: ['getSubnetDetailResponse']
2025-11-28 15:22:29,043 - utils.common_rest - INFO -   - Response Body: {
  "getSubnetDetailResponse": {
    "totalRows": 1,
    "subnetList": [
      {
        "subnetNo": "266410",
        "vpcNo": "126112",
        "zoneCode": "KR-2",
        "subnetName": "sub-functions-pri",
        "subnet": "10.20.1.0/24",
        "subnetStatus": {
          "code": "RUN",
          "codeName": "운영중"
        },
        "createDate": "2025-10-13T15:15:41+0900",
        "subnetType": {
          "code": "PRIVATE",
          "codeName": "Private"
        },
        "usageType": {
          "code": "GEN",
          "codeName": "General"
        },
        "networkAclNo": "171570"
      }
    ],
    "requestId": "8d815545-d8af-4c6f-9cc6-100a948d64f9",
    "returnCode": "0",
    "returnMessage": "success"
  }
}
2025-11-28 15:22:56,328 - __main__ - INFO - ============================================================
2025-11-28 15:22:56,328 - __main__ - INFO - 네이버 클라우드 플랫폼 월간 리포트 생성 프로그램 시작
2025-11-28 15:22:56,328 - __main__ - INFO - ============================================================
2025-11-28 15:32:20,876 - __main__ - INFO - ============================================================
2025-11-28 15:32:20,876 - __main__ - INFO - 네이버 클라우드 플랫폼 월간 리포트 생성 프로그램 시작
2025-11-28 15:32:20,876 - __main__ - INFO - ============================================================
2025-11-28 15:32:20,877 - utils.common_rest - INFO - [API Request] GET https://ncloud.apigw.ntruss.com/vpc/v2/getNetworkAclList?responseFormatType=json
2025-11-28 15:32:21,366 - utils.common_rest - INFO - [API Response] Status: 200
2025-11-28 15:32:21,366 - utils.common_rest - INFO -   - Response Type: Dict
2025-11-28 15:32:21,366 - utils.common_rest - INFO -   - Response Keys: ['getNetworkAclListResponse']
2025-11-28 15:32:21,367 - utils.common_rest - INFO -   - Response Body (first 1000 chars): {
  "getNetworkAclListResponse": {
    "totalRows": 4,
    "networkAclList": [
      {
        "networkAclNo": "173102",
        "networkAclName": "saas-builder-test-vpc-default-network-acl",
        "vpcNo": "127361",
        "networkAclStatus": {
          "code": "RUN",
          "codeName": "운영중"
        },
        "networkAclDescription": "VPC [saas-builder-test-vpc] default Network ACL",
        "createDate": "2025-10-30T14:27:20+0900",
        "isDefault": true
      },
      {
        "networkAclNo": "171570",
        "networkAclName": "qa-funtions-default-network-acl",
        "vpcNo": "126112",
        "networkAclStatus": {
          "code": "RUN",
          "codeName": "운영중"
        },
        "networkAclDescription": "VPC [qa-funtions] default Network ACL",
        "createDate": "2025-10-13T13:55:22+0900",
        "isDefault": true
      },
      {
        "networkAclNo": "102557",
        "networkAclName": "testvpc-hmcho-default-network-acl",
        "vpcNo": "69682",
    ...
2025-11-28 15:39:20,402 - __main__ - INFO - ============================================================
2025-11-28 15:39:20,402 - __main__ - INFO - 네이버 클라우드 플랫폼 월간 리포트 생성 프로그램 시작
2025-11-28 15:39:20,403 - __main__ - INFO - ============================================================
2025-11-28 15:39:20,403 - utils.common_rest - INFO - [API Request] GET https://ncloud.apigw.ntruss.com/vpc/v2/getNetworkAclRuleList?networkAclNo=102557&responseFormatType=json
2025-11-28 15:39:20,840 - utils.common_rest - INFO - [API Response] Status: 200
2025-11-28 15:39:20,841 - utils.common_rest - INFO -   - Response Type: Dict
2025-11-28 15:39:20,841 - utils.common_rest - INFO -   - Response Keys: ['getNetworkAclRuleListResponse']
2025-11-28 15:39:20,842 - utils.common_rest - INFO -   - Response Body: {
  "getNetworkAclRuleListResponse": {
    "totalRows": 0,
    "networkAclRuleList": [],
    "requestId": "20d71c2f-a25d-4d73-8840-d0f00997ab4d",
    "returnCode": "0",
    "returnMessage": "success"
  }
}
2025-11-28 15:40:34,134 - __main__ - INFO - ============================================================
2025-11-28 15:40:34,135 - __main__ - INFO - 네이버 클라우드 플랫폼 월간 리포트 생성 프로그램 시작
2025-11-28 15:40:34,135 - __main__ - INFO - ============================================================
2025-11-28 15:41:04,273 - __main__ - INFO - ============================================================
2025-11-28 15:41:04,273 - __main__ - INFO - 네이버 클라우드 플랫폼 월간 리포트 생성 프로그램 시작
2025-11-28 15:41:04,273 - __main__ - INFO - ============================================================
2025-11-28 15:41:25,347 - __main__ - INFO - ============================================================
2025-11-28 15:41:25,347 - __main__ - INFO - 네이버 클라우드 플랫폼 월간 리포트 생성 프로그램 시작
2025-11-28 15:41:25,347 - __main__ - INFO - ============================================================
2025-11-28 15:41:25,348 - utils.common_rest - INFO - [API Request] GET https://ncloud.apigw.ntruss.com/vpc/v2/getNetworkAclDetail?networkAclNo=102557&responseFormatType=json
2025-11-28 15:41:26,497 - utils.common_rest - INFO - [API Response] Status: 200
2025-11-28 15:41:26,497 - utils.common_rest - INFO -   - Response Type: Dict
2025-11-28 15:41:26,497 - utils.common_rest - INFO -   - Response Keys: ['getNetworkAclDetailResponse']
2025-11-28 15:41:26,498 - utils.common_rest - INFO -   - Response Body: {
  "getNetworkAclDetailResponse": {
    "totalRows": 1,
    "networkAclList": [
      {
        "networkAclNo": "102557",
        "networkAclName": "testvpc-hmcho-default-network-acl",
        "vpcNo": "69682",
        "networkAclStatus": {
          "code": "RUN",
          "codeName": "운영중"
        },
        "networkAclDescription": "VPC [testvpc-hmcho] default Network ACL",
        "createDate": "2024-06-25T10:42:24+0900",
        "isDefault": true
      }
    ],
    "requestId": "7bad4bee-87d8-43d3-9df0-50dd443f57fe",
    "returnCode": "0",
    "returnMessage": "success"
  }
}
2025-11-28 15:44:41,105 - __main__ - INFO - ============================================================
2025-11-28 15:44:41,106 - __main__ - INFO - 네이버 클라우드 플랫폼 월간 리포트 생성 프로그램 시작
2025-11-28 15:44:41,106 - __main__ - INFO - ============================================================
2025-11-28 15:44:41,106 - utils.common_rest - INFO - [API Request] GET https://ncloud.apigw.ntruss.com/vpc/v2/getNetworkAclDetail?networkAclNo=102557&responseFormatType=json
2025-11-28 15:44:41,523 - utils.common_rest - INFO - [API Response] Status: 200
2025-11-28 15:44:41,524 - utils.common_rest - INFO -   - Response Type: Dict
2025-11-28 15:44:41,524 - utils.common_rest - INFO -   - Response Keys: ['getNetworkAclDetailResponse']
2025-11-28 15:44:41,524 - utils.common_rest - INFO -   - Response Body: {
  "getNetworkAclDetailResponse": {
    "totalRows": 1,
    "networkAclList": [
      {
        "networkAclNo": "102557",
        "networkAclName": "testvpc-hmcho-default-network-acl",
        "vpcNo": "69682",
        "networkAclStatus": {
          "code": "RUN",
          "codeName": "운영중"
        },
        "networkAclDescription": "VPC [testvpc-hmcho] default Network ACL",
        "createDate": "2024-06-25T10:42:24+0900",
        "isDefault": true
      }
    ],
    "requestId": "f2f5acc4-7916-48dc-99f9-60aece4dffe6",
    "returnCode": "0",
    "returnMessage": "success"
  }
}
2025-11-28 15:44:49,422 - __main__ - INFO - ============================================================
2025-11-28 15:44:49,422 - __main__ - INFO - 네이버 클라우드 플랫폼 월간 리포트 생성 프로그램 시작
2025-11-28 15:44:49,422 - __main__ - INFO - ============================================================
2025-11-28 15:44:58,026 - __main__ - INFO - ============================================================
2025-11-28 15:44:58,026 - __main__ - INFO - 네이버 클라우드 플랫폼 월간 리포트 생성 프로그램 시작
2025-11-28 15:44:58,027 - __main__ - INFO - ============================================================
2025-11-28 15:44:58,027 - utils.common_rest - INFO - [API Request] GET https://ncloud.apigw.ntruss.com/vpc/v2/getNetworkAclDenyAllowGroupList?responseFormatType=json
2025-11-28 15:44:58,387 - utils.common_rest - INFO - [API Response] Status: 200
2025-11-28 15:44:58,387 - utils.common_rest - INFO -   - Response Type: Dict
2025-11-28 15:44:58,387 - utils.common_rest - INFO -   - Response Keys: ['getNetworkAclDenyAllowGroupListResponse']
2025-11-28 15:44:58,388 - utils.common_rest - INFO -   - Response Body: {
  "getNetworkAclDenyAllowGroupListResponse": {
    "totalRows": 0,
    "networkAclDenyAllowGroupList": [],
    "requestId": "a7df5665-b6d4-457f-96cd-0f244ac8c776",
    "returnCode": "0",
    "returnMessage": "success"
  }
}
2025-11-28 16:05:15,300 - __main__ - INFO - ============================================================
2025-11-28 16:05:15,300 - __main__ - INFO - 네이버 클라우드 플랫폼 월간 리포트 생성 프로그램 시작
2025-11-28 16:05:15,301 - __main__ - INFO - ============================================================
2025-11-28 16:05:15,302 - utils.common_rest - INFO - [API Request] GET https://ncloud.apigw.ntruss.com/vpc/v2/getNatGatewayInstanceList?responseFormatType=json
2025-11-28 16:05:15,714 - utils.common_rest - INFO - [API Response] Status: 200
2025-11-28 16:05:15,714 - utils.common_rest - INFO -   - Response Type: Dict
2025-11-28 16:05:15,715 - utils.common_rest - INFO -   - Response Keys: ['getNatGatewayInstanceListResponse']
2025-11-28 16:05:15,715 - utils.common_rest - INFO -   - Response Body (first 1000 chars): {
  "getNatGatewayInstanceListResponse": {
    "totalRows": 3,
    "natGatewayInstanceList": [
      {
        "vpcNo": "126112",
        "vpcName": "qa-funtions",
        "natGatewayInstanceNo": "111091329",
        "natGatewayName": "functions-nat-gw",
        "publicIp": "223.130.136.159",
        "natGatewayInstanceStatus": {
          "code": "RUN",
          "codeName": "운영중"
        },
        "natGatewayInstanceStatusName": "Running",
        "natGatewayInstanceOperation": {
          "code": "NULL",
          "codeName": "NULL OP"
        },
        "createDate": "2025-10-13T15:22:12+0900",
        "natGatewayDescription": "",
        "zoneCode": "KR-2",
        "natGatewayType": {
          "code": "PBLIP",
          "codeName": "공인"
        },
        "subnetName": "sub-functions-nat",
        "subnetNo": "266413",
        "privateIp": "10.20.0.6",
        "publicIpInstanceNo": "111091349",
        "natGatewayIpList": [
          {
            "type": "PRIMARY",
            ...
2025-11-28 16:05:48,969 - __main__ - INFO - ============================================================
2025-11-28 16:05:48,970 - __main__ - INFO - 네이버 클라우드 플랫폼 월간 리포트 생성 프로그램 시작
2025-11-28 16:05:48,970 - __main__ - INFO - ============================================================
2025-11-28 16:05:48,970 - utils.common_rest - INFO - [API Request] GET https://ncloud.apigw.ntruss.com/vpc/v2/getNatGatewayInstanceDetail?natGatewayInstanceNo=111091329&responseFormatType=json
2025-11-28 16:05:49,309 - utils.common_rest - INFO - [API Response] Status: 200
2025-11-28 16:05:49,309 - utils.common_rest - INFO -   - Response Type: Dict
2025-11-28 16:05:49,310 - utils.common_rest - INFO -   - Response Keys: ['getNatGatewayInstanceDetailResponse']
2025-11-28 16:05:49,310 - utils.common_rest - INFO -   - Response Body (first 1000 chars): {
  "getNatGatewayInstanceDetailResponse": {
    "totalRows": 1,
    "natGatewayInstanceList": [
      {
        "vpcNo": "126112",
        "vpcName": "qa-funtions",
        "natGatewayInstanceNo": "111091329",
        "natGatewayName": "functions-nat-gw",
        "publicIp": "223.130.136.159",
        "natGatewayInstanceStatus": {
          "code": "RUN",
          "codeName": "운영중"
        },
        "natGatewayInstanceStatusName": "Running",
        "natGatewayInstanceOperation": {
          "code": "NULL",
          "codeName": "NULL OP"
        },
        "createDate": "2025-10-13T15:22:12+0900",
        "natGatewayDescription": "",
        "zoneCode": "KR-2",
        "natGatewayType": {
          "code": "PBLIP",
          "codeName": "공인"
        },
        "subnetName": "sub-functions-nat",
        "subnetNo": "266413",
        "privateIp": "10.20.0.6",
        "publicIpInstanceNo": "111091349",
        "natGatewayIpList": [
          {
            "type": "PRIMARY",
          ...
2025-12-01 10:02:46,272 - __main__ - INFO - ============================================================
2025-12-01 10:02:46,272 - __main__ - INFO - 네이버 클라우드 플랫폼 월간 리포트 생성 프로그램 시작
2025-12-01 10:02:46,272 - __main__ - INFO - ============================================================
2025-12-01 10:02:46,273 - utils.common_rest - INFO - [API Request] GET https://ncloud.apigw.ntruss.com/vpc/v2/getVpcPeeringInstanceList?responseFormatType=json
2025-12-01 10:02:47,014 - utils.common_rest - INFO - [API Response] Status: 200
2025-12-01 10:02:47,015 - utils.common_rest - INFO -   - Response Type: Dict
2025-12-01 10:02:47,015 - utils.common_rest - INFO -   - Response Keys: ['getVpcPeeringInstanceListResponse']
2025-12-01 10:02:47,016 - utils.common_rest - INFO -   - Response Body: {
  "getVpcPeeringInstanceListResponse": {
    "totalRows": 0,
    "vpcPeeringInstanceList": [],
    "requestId": "cc9826fd-6fd5-4d5e-a02c-e75283a018a7",
    "returnCode": "0",
    "returnMessage": "success"
  }
}
2025-12-01 10:05:37,507 - __main__ - INFO - ============================================================
2025-12-01 10:05:37,507 - __main__ - INFO - 네이버 클라우드 플랫폼 월간 리포트 생성 프로그램 시작
2025-12-01 10:05:37,507 - __main__ - INFO - ============================================================
2025-12-01 10:05:37,508 - utils.common_rest - INFO - [API Request] GET https://ncloud.apigw.ntruss.com/vpc/v2/getRouteTableList?responseFormatType=json
2025-12-01 10:05:37,965 - utils.common_rest - INFO - [API Response] Status: 200
2025-12-01 10:05:37,966 - utils.common_rest - INFO -   - Response Type: Dict
2025-12-01 10:05:37,966 - utils.common_rest - INFO -   - Response Keys: ['getRouteTableListResponse']
2025-12-01 10:05:37,966 - utils.common_rest - INFO -   - Response Body (first 1000 chars): {
  "getRouteTableListResponse": {
    "totalRows": 10,
    "routeTableList": [
      {
        "routeTableNo": "264807",
        "routeTableName": "saas-builder-test-vpc-default-private-table",
        "regionCode": "KR",
        "vpcNo": "127361",
        "supportedSubnetType": {
          "code": "PRIVATE",
          "codeName": "Private"
        },
        "isDefault": true,
        "routeTableStatus": {
          "code": "RUN",
          "codeName": "운영중"
        },
        "routeTableDescription": "VPC [saas-builder-test-vpc] default Route Table for private Subnet"
      },
      {
        "routeTableNo": "264806",
        "routeTableName": "saas-builder-test-vpc-default-public-table",
        "regionCode": "KR",
        "vpcNo": "127361",
        "supportedSubnetType": {
          "code": "PUBLIC",
          "codeName": "Public"
        },
        "isDefault": true,
        "routeTableStatus": {
          "code": "RUN",
          "codeName": "운영중"
        },
        "routeTableD...
2025-12-01 10:08:34,338 - __main__ - INFO - ============================================================
2025-12-01 10:08:34,338 - __main__ - INFO - 네이버 클라우드 플랫폼 월간 리포트 생성 프로그램 시작
2025-12-01 10:08:34,338 - __main__ - INFO - ============================================================
2025-12-01 10:08:34,339 - utils.common_rest - INFO - [API Request] GET https://ncloud.apigw.ntruss.com/vpc/v2/getRouteTableList?responseFormatType=json
2025-12-01 10:08:35,034 - utils.common_rest - INFO - [API Response] Status: 200
2025-12-01 10:08:35,042 - utils.common_rest - INFO -   - Response Type: Dict
2025-12-01 10:08:35,042 - utils.common_rest - INFO -   - Response Keys: ['getRouteTableListResponse']
2025-12-01 10:08:35,043 - utils.common_rest - INFO -   - Response Body (first 1000 chars): {
  "getRouteTableListResponse": {
    "totalRows": 10,
    "routeTableList": [
      {
        "routeTableNo": "264807",
        "routeTableName": "saas-builder-test-vpc-default-private-table",
        "regionCode": "KR",
        "vpcNo": "127361",
        "supportedSubnetType": {
          "code": "PRIVATE",
          "codeName": "Private"
        },
        "isDefault": true,
        "routeTableStatus": {
          "code": "RUN",
          "codeName": "운영중"
        },
        "routeTableDescription": "VPC [saas-builder-test-vpc] default Route Table for private Subnet"
      },
      {
        "routeTableNo": "264806",
        "routeTableName": "saas-builder-test-vpc-default-public-table",
        "regionCode": "KR",
        "vpcNo": "127361",
        "supportedSubnetType": {
          "code": "PUBLIC",
          "codeName": "Public"
        },
        "isDefault": true,
        "routeTableStatus": {
          "code": "RUN",
          "codeName": "운영중"
        },
        "routeTableD...
2025-12-01 10:09:37,824 - __main__ - INFO - ============================================================
2025-12-01 10:09:37,824 - __main__ - INFO - 네이버 클라우드 플랫폼 월간 리포트 생성 프로그램 시작
2025-12-01 10:09:37,825 - __main__ - INFO - ============================================================
2025-12-01 10:09:37,825 - utils.common_rest - INFO - [API Request] GET https://ncloud.apigw.ntruss.com/vpc/v2/getRouteTableDetail?routeTableNo=102557&responseFormatType=json
2025-12-01 10:09:38,205 - utils.common_rest - INFO - [API Response] Status: 200
2025-12-01 10:09:38,206 - utils.common_rest - INFO -   - Response Type: Dict
2025-12-01 10:09:38,206 - utils.common_rest - INFO -   - Response Keys: ['getRouteTableDetailResponse']
2025-12-01 10:09:38,206 - utils.common_rest - INFO -   - Response Body: {
  "getRouteTableDetailResponse": {
    "totalRows": 0,
    "routeTableList": [],
    "requestId": "195bf67f-277a-4cdb-ba18-f1a33e6227b3",
    "returnCode": "0",
    "returnMessage": "success"
  }
}
2025-12-01 10:12:53,917 - __main__ - INFO - ============================================================
2025-12-01 10:12:53,917 - __main__ - INFO - 네이버 클라우드 플랫폼 월간 리포트 생성 프로그램 시작
2025-12-01 10:12:53,917 - __main__ - INFO - ============================================================
2025-12-01 10:12:53,918 - utils.common_rest - INFO - [API Request] GET https://ncloud.apigw.ntruss.com/vpc/v2/getRouteList?routeTableNo=264807&vpcNo=127361&responseFormatType=json
2025-12-01 10:12:54,289 - utils.common_rest - INFO - [API Response] Status: 200
2025-12-01 10:12:54,290 - utils.common_rest - INFO -   - Response Type: Dict
2025-12-01 10:12:54,290 - utils.common_rest - INFO -   - Response Keys: ['getRouteListResponse']
2025-12-01 10:12:54,291 - utils.common_rest - INFO -   - Response Body: {
  "getRouteListResponse": {
    "totalRows": 1,
    "routeList": [
      {
        "destinationCidrBlock": "172.16.0.0/16",
        "targetName": "LOCAL",
        "routeTableNo": "264807",
        "targetType": {
          "code": "LOCAL",
          "codeName": "Local"
        },
        "targetNo": "",
        "isDefault": true
      }
    ],
    "requestId": "41ecebf1-6e0e-4389-ab3b-87bfcdb8f194",
    "returnCode": "0",
    "returnMessage": "success"
  }
}
2025-12-01 10:12:54,702 - __main__ - INFO - ============================================================
2025-12-01 10:12:54,702 - __main__ - INFO - 네이버 클라우드 플랫폼 월간 리포트 생성 프로그램 시작
2025-12-01 10:12:54,702 - __main__ - INFO - ============================================================
2025-12-01 10:12:54,702 - utils.common_rest - INFO - [API Request] GET https://ncloud.apigw.ntruss.com/vpc/v2/getRouteList?routeTableNo=264807&vpcNo=127361&responseFormatType=json
2025-12-01 10:12:55,064 - utils.common_rest - INFO - [API Response] Status: 200
2025-12-01 10:12:55,065 - utils.common_rest - INFO -   - Response Type: Dict
2025-12-01 10:12:55,065 - utils.common_rest - INFO -   - Response Keys: ['getRouteListResponse']
2025-12-01 10:12:55,065 - utils.common_rest - INFO -   - Response Body: {
  "getRouteListResponse": {
    "totalRows": 1,
    "routeList": [
      {
        "destinationCidrBlock": "172.16.0.0/16",
        "targetName": "LOCAL",
        "routeTableNo": "264807",
        "targetType": {
          "code": "LOCAL",
          "codeName": "Local"
        },
        "targetNo": "",
        "isDefault": true
      }
    ],
    "requestId": "0d99d4e9-a030-4df9-bf1d-bbb99ea19a94",
    "returnCode": "0",
    "returnMessage": "success"
  }
}
2025-12-01 10:22:17,145 - __main__ - INFO - ============================================================
2025-12-01 10:22:17,146 - __main__ - INFO - 네이버 클라우드 플랫폼 월간 리포트 생성 프로그램 시작
2025-12-01 10:22:17,147 - __main__ - INFO - ============================================================
2025-12-01 10:22:17,149 - utils.common_rest - INFO - [API Request] GET https://ncloud.apigw.ntruss.com/vpc/v2/getRouteTableSubnetList?routeTableNo=264807&responseFormatType=json
2025-12-01 10:22:17,997 - utils.common_rest - INFO - [API Response] Status: 200
2025-12-01 10:22:17,999 - utils.common_rest - INFO -   - Response Type: Dict
2025-12-01 10:22:17,999 - utils.common_rest - INFO -   - Response Keys: ['getRouteTableSubnetListResponse']
2025-12-01 10:22:18,000 - utils.common_rest - INFO -   - Response Body: {
  "getRouteTableSubnetListResponse": {
    "totalRows": 0,
    "subnetList": [],
    "requestId": "57379408-fb00-4616-b5c3-9d71dd622ff5",
    "returnCode": "0",
    "returnMessage": "success"
  }
}
2025-12-01 10:36:04,540 - __main__ - INFO - ============================================================
2025-12-01 10:36:04,541 - __main__ - INFO - 네이버 클라우드 플랫폼 월간 리포트 생성 프로그램 시작
2025-12-01 10:36:04,542 - __main__ - INFO - ============================================================
2025-12-01 10:36:04,543 - utils.common_rest - INFO - [API Request] GET https://ncloud.apigw.ntruss.com/vpc/v2/getLoadBalancerInstanceList?responseFormatType=json
2025-12-01 10:36:05,254 - utils.common_rest - WARNING - Request failed (attempt 1/3): 404 Client Error: Not Found for url: https://ncloud.apigw.ntruss.com/vpc/v2/getLoadBalancerInstanceList?responseFormatType=json
2025-12-01 10:36:05,255 - utils.common_rest - INFO - Retrying in 1 seconds...
2025-12-01 10:36:06,274 - utils.common_rest - WARNING - Request failed (attempt 2/3): 404 Client Error: Not Found for url: https://ncloud.apigw.ntruss.com/vpc/v2/getLoadBalancerInstanceList?responseFormatType=json
2025-12-01 10:36:06,276 - utils.common_rest - INFO - Retrying in 2 seconds...
2025-12-01 10:36:08,288 - utils.common_rest - ERROR - Request failed after 3 attempts: 404 Client Error: Not Found for url: https://ncloud.apigw.ntruss.com/vpc/v2/getLoadBalancerInstanceList?responseFormatType=json
2025-12-01 10:36:29,824 - __main__ - INFO - ============================================================
2025-12-01 10:36:29,825 - __main__ - INFO - 네이버 클라우드 플랫폼 월간 리포트 생성 프로그램 시작
2025-12-01 10:36:29,825 - __main__ - INFO - ============================================================
2025-12-01 10:36:29,827 - utils.common_rest - INFO - [API Request] GET https://ncloud.apigw.ntruss.com/vnlb/v2/getLoadBalancerInstanceList?responseFormatType=json
2025-12-01 10:36:30,480 - utils.common_rest - WARNING - Request failed (attempt 1/3): 404 Client Error: Not Found for url: https://ncloud.apigw.ntruss.com/vnlb/v2/getLoadBalancerInstanceList?responseFormatType=json
2025-12-01 10:36:30,481 - utils.common_rest - INFO - Retrying in 1 seconds...
2025-12-01 10:36:31,495 - utils.common_rest - WARNING - Request failed (attempt 2/3): 404 Client Error: Not Found for url: https://ncloud.apigw.ntruss.com/vnlb/v2/getLoadBalancerInstanceList?responseFormatType=json
2025-12-01 10:36:31,496 - utils.common_rest - INFO - Retrying in 2 seconds...
2025-12-01 10:36:33,511 - utils.common_rest - ERROR - Request failed after 3 attempts: 404 Client Error: Not Found for url: https://ncloud.apigw.ntruss.com/vnlb/v2/getLoadBalancerInstanceList?responseFormatType=json
2025-12-01 10:37:20,335 - __main__ - INFO - ============================================================
2025-12-01 10:37:20,335 - __main__ - INFO - 네이버 클라우드 플랫폼 월간 리포트 생성 프로그램 시작
2025-12-01 10:37:20,336 - __main__ - INFO - ============================================================
2025-12-01 10:37:20,337 - utils.common_rest - INFO - [API Request] GET https://ncloud.apigw.ntruss.com/vpc/v2/getVpcPeeringInstanceList?responseFormatType=json
2025-12-01 10:37:29,250 - utils.common_rest - INFO - [API Response] Status: 200
2025-12-01 10:37:29,252 - utils.common_rest - INFO -   - Response Type: Dict
2025-12-01 10:37:29,253 - utils.common_rest - INFO -   - Response Keys: ['getVpcPeeringInstanceListResponse']
2025-12-01 10:37:29,253 - utils.common_rest - INFO -   - Response Body: {
  "getVpcPeeringInstanceListResponse": {
    "totalRows": 0,
    "vpcPeeringInstanceList": [],
    "requestId": "b1973231-1034-4fcf-9315-a103d290b13d",
    "returnCode": "0",
    "returnMessage": "success"
  }
}
2025-12-01 11:14:41,651 - __main__ - INFO - ============================================================
2025-12-01 11:14:41,652 - __main__ - INFO - 네이버 클라우드 플랫폼 월간 리포트 생성 프로그램 시작
2025-12-01 11:14:41,653 - __main__ - INFO - ============================================================
2025-12-01 11:14:41,654 - utils.common_rest - INFO - [API Request] GET https://ncloud.apigw.ntruss.com/vpc/v2/getVpcPeeringInstanceList?responseFormatType=json
2025-12-01 11:14:42,517 - utils.common_rest - INFO - [API Response] Status: 200
2025-12-01 11:14:42,518 - utils.common_rest - INFO -   - Response Type: Dict
2025-12-01 11:14:42,519 - utils.common_rest - INFO -   - Response Keys: ['getVpcPeeringInstanceListResponse']
2025-12-01 11:14:42,520 - utils.common_rest - INFO -   - Response Body: {
  "getVpcPeeringInstanceListResponse": {
    "totalRows": 0,
    "vpcPeeringInstanceList": [],
    "requestId": "dafcdaea-2002-47bc-9559-8f11b53b0868",
    "returnCode": "0",
    "returnMessage": "success"
  }
}
2025-12-01 11:15:06,788 - __main__ - INFO - ============================================================
2025-12-01 11:15:06,789 - __main__ - INFO - 네이버 클라우드 플랫폼 월간 리포트 생성 프로그램 시작
2025-12-01 11:15:06,789 - __main__ - INFO - ============================================================
2025-12-01 11:15:06,790 - utils.common_rest - INFO - [API Request] GET https://ncloud.apigw.ntruss.com/vnlb/v2/getLoadBalancerInstanceList?responseFormatType=json
2025-12-01 11:15:07,363 - utils.common_rest - WARNING - Request failed (attempt 1/3): 404 Client Error: Not Found for url: https://ncloud.apigw.ntruss.com/vnlb/v2/getLoadBalancerInstanceList?responseFormatType=json
2025-12-01 11:15:07,364 - utils.common_rest - INFO - Retrying in 1 seconds...
2025-12-01 11:15:08,375 - utils.common_rest - WARNING - Request failed (attempt 2/3): 404 Client Error: Not Found for url: https://ncloud.apigw.ntruss.com/vnlb/v2/getLoadBalancerInstanceList?responseFormatType=json
2025-12-01 11:15:08,376 - utils.common_rest - INFO - Retrying in 2 seconds...
2025-12-01 11:15:10,389 - utils.common_rest - ERROR - Request failed after 3 attempts: 404 Client Error: Not Found for url: https://ncloud.apigw.ntruss.com/vnlb/v2/getLoadBalancerInstanceList?responseFormatType=json
2025-12-01 11:16:02,124 - __main__ - INFO - ============================================================
2025-12-01 11:16:02,125 - __main__ - INFO - 네이버 클라우드 플랫폼 월간 리포트 생성 프로그램 시작
2025-12-01 11:16:02,125 - __main__ - INFO - ============================================================
2025-12-01 11:16:02,126 - utils.common_rest - INFO - [API Request] GET https://ncloud.apigw.ntruss.com/vloadbalancer/v2/getLoadBalancerInstanceList?responseFormatType=json
2025-12-01 11:16:03,839 - utils.common_rest - INFO - [API Response] Status: 200
2025-12-01 11:16:03,841 - utils.common_rest - INFO -   - Response Type: Dict
2025-12-01 11:16:03,842 - utils.common_rest - INFO -   - Response Keys: ['getLoadBalancerInstanceListResponse']
2025-12-01 11:16:03,843 - utils.common_rest - INFO -   - Response Body (first 1000 chars): {
  "getLoadBalancerInstanceListResponse": {
    "totalRows": 21,
    "loadBalancerInstanceList": [
      {
        "loadBalancerInstanceNo": "114453359",
        "loadBalancerInstanceStatus": {
          "code": "USED",
          "codeName": "LB USED state"
        },
        "loadBalancerInstanceOperation": {
          "code": "NULL",
          "codeName": "LB NULL OP"
        },
        "loadBalancerInstanceStatusName": "Running",
        "loadBalancerDescription": "argocd-dev-mlops-alb",
        "createDate": "2025-11-25T15:28:30+0900",
        "loadBalancerName": "argocd-dev-mlops-alb",
        "loadBalancerDomain": "argocd-dev-mlops-alb-114453359-51a1837e14f0.kr.lb.naverncp.com",
        "loadBalancerIpList": [
          "211.188.60.10"
        ],
        "loadBalancerType": {
          "code": "APPLICATION",
          "codeName": "Application Load Balancer"
        },
        "loadBalancerNetworkType": {
          "code": "PUBLIC",
          "codeName": "Public"
        },
     ...
2025-12-01 11:18:41,353 - __main__ - INFO - ============================================================
2025-12-01 11:18:41,354 - __main__ - INFO - 네이버 클라우드 플랫폼 월간 리포트 생성 프로그램 시작
2025-12-01 11:18:41,355 - __main__ - INFO - ============================================================
2025-12-01 11:18:41,355 - utils.common_rest - INFO - [API Request] GET https://ncloud.apigw.ntruss.com/vloadbalancer/v2/getLoadBalancerInstanceDetail?loadBalancerInstanceNo=114453359&responseFormatType=json
2025-12-01 11:18:42,144 - utils.common_rest - INFO - [API Response] Status: 200
2025-12-01 11:18:42,145 - utils.common_rest - INFO -   - Response Type: Dict
2025-12-01 11:18:42,146 - utils.common_rest - INFO -   - Response Keys: ['getLoadBalancerInstanceDetailResponse']
2025-12-01 11:18:42,147 - utils.common_rest - INFO -   - Response Body (first 1000 chars): {
  "getLoadBalancerInstanceDetailResponse": {
    "totalRows": 1,
    "loadBalancerInstanceList": [
      {
        "loadBalancerInstanceNo": "114453359",
        "loadBalancerInstanceStatus": {
          "code": "USED",
          "codeName": "LB USED state"
        },
        "loadBalancerInstanceOperation": {
          "code": "NULL",
          "codeName": "LB NULL OP"
        },
        "loadBalancerInstanceStatusName": "Running",
        "loadBalancerDescription": "argocd-dev-mlops-alb",
        "createDate": "2025-11-25T15:28:30+0900",
        "loadBalancerName": "argocd-dev-mlops-alb",
        "loadBalancerDomain": "argocd-dev-mlops-alb-114453359-51a1837e14f0.kr.lb.naverncp.com",
        "loadBalancerIpList": [
          "211.188.60.10"
        ],
        "loadBalancerType": {
          "code": "APPLICATION",
          "codeName": "Application Load Balancer"
        },
        "loadBalancerNetworkType": {
          "code": "PUBLIC",
          "codeName": "Public"
        },
    ...
2025-12-01 11:18:48,170 - __main__ - INFO - ============================================================
2025-12-01 11:18:48,170 - __main__ - INFO - 네이버 클라우드 플랫폼 월간 리포트 생성 프로그램 시작
2025-12-01 11:18:48,171 - __main__ - INFO - ============================================================
2025-12-01 11:18:48,174 - utils.common_rest - INFO - [API Request] GET https://ncloud.apigw.ntruss.com/vloadbalancer/v2/getLoadBalancerInstanceDetail?loadBalancerInstanceNo=114453359&responseFormatType=json
2025-12-01 11:18:48,944 - utils.common_rest - INFO - [API Response] Status: 200
2025-12-01 11:18:48,949 - utils.common_rest - INFO -   - Response Type: Dict
2025-12-01 11:18:48,950 - utils.common_rest - INFO -   - Response Keys: ['getLoadBalancerInstanceDetailResponse']
2025-12-01 11:18:48,951 - utils.common_rest - INFO -   - Response Body (first 1000 chars): {
  "getLoadBalancerInstanceDetailResponse": {
    "totalRows": 1,
    "loadBalancerInstanceList": [
      {
        "loadBalancerInstanceNo": "114453359",
        "loadBalancerInstanceStatus": {
          "code": "USED",
          "codeName": "LB USED state"
        },
        "loadBalancerInstanceOperation": {
          "code": "NULL",
          "codeName": "LB NULL OP"
        },
        "loadBalancerInstanceStatusName": "Running",
        "loadBalancerDescription": "argocd-dev-mlops-alb",
        "createDate": "2025-11-25T15:28:30+0900",
        "loadBalancerName": "argocd-dev-mlops-alb",
        "loadBalancerDomain": "argocd-dev-mlops-alb-114453359-51a1837e14f0.kr.lb.naverncp.com",
        "loadBalancerIpList": [
          "211.188.60.10"
        ],
        "loadBalancerType": {
          "code": "APPLICATION",
          "codeName": "Application Load Balancer"
        },
        "loadBalancerNetworkType": {
          "code": "PUBLIC",
          "codeName": "Public"
        },
    ...
2025-12-01 11:21:47,954 - __main__ - INFO - ============================================================
2025-12-01 11:21:47,954 - __main__ - INFO - 네이버 클라우드 플랫폼 월간 리포트 생성 프로그램 시작
2025-12-01 11:21:47,955 - __main__ - INFO - ============================================================
2025-12-01 11:21:47,957 - utils.common_rest - INFO - [API Request] GET https://ncloud.apigw.ntruss.com/vloadbalancer/v2/getLoadBalancerListenerList?loadBalancerInstanceNo=114453359&responseFormatType=json
2025-12-01 11:21:48,909 - utils.common_rest - INFO - [API Response] Status: 200
2025-12-01 11:21:48,911 - utils.common_rest - INFO -   - Response Type: Dict
2025-12-01 11:21:48,912 - utils.common_rest - INFO -   - Response Keys: ['getLoadBalancerListenerListResponse']
2025-12-01 11:21:48,913 - utils.common_rest - INFO -   - Response Body (first 1000 chars): {
  "getLoadBalancerListenerListResponse": {
    "totalRows": 1,
    "loadBalancerListenerList": [
      {
        "loadBalancerInstanceNo": "114453359",
        "loadBalancerListenerNo": "358984",
        "protocolType": {
          "code": "HTTPS",
          "codeName": "HTTPS protocol"
        },
        "port": 443,
        "useHttp2": false,
        "sslCertificateNo": "48963",
        "tlsMinVersionType": {
          "code": "TLSV10",
          "codeName": "TLSv1.0"
        },
        "loadBalancerRuleNoList": [
          "421000",
          "420996"
        ],
        "cipherSuiteList": [
          "TLS_ECDHE_ECDSA_WITH_AES_128_CBC_SHA",
          "TLS_ECDHE_ECDSA_WITH_AES_128_CBC_SHA256",
          "TLS_ECDHE_ECDSA_WITH_AES_128_GCM_SHA256",
          "TLS_ECDHE_ECDSA_WITH_AES_256_CBC_SHA",
          "TLS_ECDHE_ECDSA_WITH_AES_256_CBC_SHA384",
          "TLS_ECDHE_ECDSA_WITH_AES_256_GCM_SHA384",
          "TLS_ECDHE_RSA_WITH_AES_128_CBC_SHA",
          "TLS_ECDHE_RSA_WITH_AES_128...
2025-12-01 12:49:03,499 - __main__ - INFO - ============================================================
2025-12-01 12:49:03,499 - __main__ - INFO - 네이버 클라우드 플랫폼 월간 리포트 생성 프로그램 시작
2025-12-01 12:49:03,499 - __main__ - INFO - ============================================================
2025-12-01 12:49:03,500 - utils.common_rest - INFO - [API Request] GET https://ncloud.apigw.ntruss.com/vloadbalancer/v2/getLoadBalancerListenerList?loadBalancerInstanceNo=114453359&responseFormatType=json
2025-12-01 12:49:03,936 - utils.common_rest - INFO - [API Response] Status: 200
2025-12-01 12:49:03,937 - utils.common_rest - INFO -   - Response Type: Dict
2025-12-01 12:49:03,937 - utils.common_rest - INFO -   - Response Keys: ['getLoadBalancerListenerListResponse']
2025-12-01 12:49:03,938 - utils.common_rest - INFO -   - Response Body (first 1000 chars): {
  "getLoadBalancerListenerListResponse": {
    "totalRows": 1,
    "loadBalancerListenerList": [
      {
        "loadBalancerInstanceNo": "114453359",
        "loadBalancerListenerNo": "358984",
        "protocolType": {
          "code": "HTTPS",
          "codeName": "HTTPS protocol"
        },
        "port": 443,
        "useHttp2": false,
        "sslCertificateNo": "48963",
        "tlsMinVersionType": {
          "code": "TLSV10",
          "codeName": "TLSv1.0"
        },
        "loadBalancerRuleNoList": [
          "421000",
          "420996"
        ],
        "cipherSuiteList": [
          "TLS_ECDHE_ECDSA_WITH_AES_128_CBC_SHA",
          "TLS_ECDHE_ECDSA_WITH_AES_128_CBC_SHA256",
          "TLS_ECDHE_ECDSA_WITH_AES_128_GCM_SHA256",
          "TLS_ECDHE_ECDSA_WITH_AES_256_CBC_SHA",
          "TLS_ECDHE_ECDSA_WITH_AES_256_CBC_SHA384",
          "TLS_ECDHE_ECDSA_WITH_AES_256_GCM_SHA384",
          "TLS_ECDHE_RSA_WITH_AES_128_CBC_SHA",
          "TLS_ECDHE_RSA_WITH_AES_128...
2025-12-01 12:50:55,097 - __main__ - INFO - ============================================================
2025-12-01 12:50:55,097 - __main__ - INFO - 네이버 클라우드 플랫폼 월간 리포트 생성 프로그램 시작
2025-12-01 12:50:55,097 - __main__ - INFO - ============================================================
2025-12-01 12:50:55,098 - utils.common_rest - INFO - [API Request] GET https://ncloud.apigw.ntruss.com/vloadbalancer/v2/getLoadBalancerRuleList?loadBalancerListenerNo=358984&responseFormatType=json
2025-12-01 12:50:55,448 - utils.common_rest - INFO - [API Response] Status: 200
2025-12-01 12:50:55,448 - utils.common_rest - INFO -   - Response Type: Dict
2025-12-01 12:50:55,448 - utils.common_rest - INFO -   - Response Keys: ['getLoadBalancerRuleListResponse']
2025-12-01 12:50:55,449 - utils.common_rest - INFO -   - Response Body (first 1000 chars): {
  "getLoadBalancerRuleListResponse": {
    "totalRows": 2,
    "loadBalancerRuleList": [
      {
        "loadBalancerListenerNo": "358984",
        "loadBalancerRuleNo": "421000",
        "priority": 1,
        "loadBalancerRuleConditionList": [
          {
            "ruleConditionType": {
              "code": "HOST_HEADER",
              "codeName": "Host Header condition"
            },
            "hostHeaderCondition": {
              "hostHeaderList": [
                "argocd-dev-mlops.clabi.kr"
              ]
            }
          },
          {
            "ruleConditionType": {
              "code": "PATH_PATTERN",
              "codeName": "Path Pattern condition"
            },
            "pathPatternCondition": {
              "pathPatternList": [
                "/*",
                "/*/*"
              ]
            }
          }
        ],
        "loadBalancerRuleActionList": [
          {
            "ruleActionType": {
              "code": "TARGET_GROUP",
...
2025-12-01 12:52:25,071 - __main__ - INFO - ============================================================
2025-12-01 12:52:25,071 - __main__ - INFO - 네이버 클라우드 플랫폼 월간 리포트 생성 프로그램 시작
2025-12-01 12:52:25,071 - __main__ - INFO - ============================================================
2025-12-01 12:52:25,072 - utils.common_rest - INFO - [API Request] GET https://ncloud.apigw.ntruss.com/vloadbalancer/v2/getLoadBalancerListenerCertificateList?loadBalancerListenerNo=358984&responseFormatType=json
2025-12-01 12:52:27,579 - utils.common_rest - INFO - [API Response] Status: 200
2025-12-01 12:52:27,579 - utils.common_rest - INFO -   - Response Type: Dict
2025-12-01 12:52:27,579 - utils.common_rest - INFO -   - Response Keys: ['getLoadBalancerListenerCertificateListResponse']
2025-12-01 12:52:27,580 - utils.common_rest - INFO -   - Response Body: {
  "getLoadBalancerListenerCertificateListResponse": {
    "totalRows": 0,
    "loadBalancerListenerCertificateList": [
      {
        "sslCertificateNo": "48963",
        "memberNo": "3276162",
        "sslCertificateName": "devops-cert",
        "domainAddress": "*.clabi.kr",
        "validEndDate": "2026-08-09 20:59:59",
        "isDefault": true,
        "statusCode": 1,
        "statusName": "Normal"
      },
      {
        "sslCertificateNo": "48963",
        "memberNo": "3276162",
        "sslCertificateName": "devops-cert",
        "domainAddress": "*.clabi.kr",
        "validEndDate": "2026-08-09 20:59:59",
        "isDefault": false,
        "statusCode": 1,
        "statusName": "Normal"
      }
    ],
    "requestId": "empty-uuid",
    "returnCode": "0",
    "returnMessage": "success"
  }
}
2025-12-01 12:58:47,044 - __main__ - INFO - ============================================================
2025-12-01 12:58:47,044 - __main__ - INFO - 네이버 클라우드 플랫폼 월간 리포트 생성 프로그램 시작
2025-12-01 12:58:47,044 - __main__ - INFO - ============================================================
2025-12-01 12:58:47,044 - utils.common_rest - INFO - [API Request] GET https://ncloud.apigw.ntruss.com/vloadbalancer/v2/getTargetGroupList?responseFormatType=json
2025-12-01 12:58:47,766 - utils.common_rest - INFO - [API Response] Status: 200
2025-12-01 12:58:47,768 - utils.common_rest - INFO -   - Response Type: Dict
2025-12-01 12:58:47,768 - utils.common_rest - INFO -   - Response Keys: ['getTargetGroupListResponse']
2025-12-01 12:58:47,769 - utils.common_rest - INFO -   - Response Body (first 1000 chars): {
  "getTargetGroupListResponse": {
    "totalRows": 59,
    "targetGroupList": [
      {
        "targetGroupNo": "4645923",
        "targetGroupName": "svc-argocd-argocdserver-ebf9e",
        "targetType": {
          "code": "VSVR",
          "codeName": "Server (VPC)"
        },
        "vpcNo": "57409",
        "targetGroupProtocolType": {
          "code": "HTTP",
          "codeName": "HTTP protocol"
        },
        "targetGroupPort": 30866,
        "targetGroupDescription": "automatically created by ingress controller",
        "useStickySession": false,
        "useProxyProtocol": false,
        "algorithmType": {
          "code": "RR",
          "codeName": "Round Robin"
        },
        "createDate": "2025-11-25T15:29:14+0900",
        "regionCode": "KR",
        "loadBalancerInstanceNo": "114453359",
        "healthCheckProtocolType": {
          "code": "HTTP",
          "codeName": "HTTP protocol"
        },
        "healthCheckPort": 30866,
        "healthCheckUrlP...
2025-12-01 13:00:46,811 - __main__ - INFO - ============================================================
2025-12-01 13:00:46,811 - __main__ - INFO - 네이버 클라우드 플랫폼 월간 리포트 생성 프로그램 시작
2025-12-01 13:00:46,812 - __main__ - INFO - ============================================================
2025-12-01 13:00:46,812 - utils.common_rest - INFO - [API Request] GET https://ncloud.apigw.ntruss.com/vloadbalancer/v2/getTargetGroupDetail?targetGroupNo=4645923&responseFormatType=json
2025-12-01 13:00:47,321 - utils.common_rest - INFO - [API Response] Status: 200
2025-12-01 13:00:47,322 - utils.common_rest - INFO -   - Response Type: Dict
2025-12-01 13:00:47,322 - utils.common_rest - INFO -   - Response Keys: ['getTargetGroupDetailResponse']
2025-12-01 13:00:47,322 - utils.common_rest - INFO -   - Response Body (first 1000 chars): {
  "getTargetGroupDetailResponse": {
    "totalRows": 1,
    "targetGroupList": [
      {
        "targetGroupNo": "4645923",
        "targetGroupName": "svc-argocd-argocdserver-ebf9e",
        "targetType": {
          "code": "VSVR",
          "codeName": "Server (VPC)"
        },
        "vpcNo": "57409",
        "targetGroupProtocolType": {
          "code": "HTTP",
          "codeName": "HTTP protocol"
        },
        "targetGroupPort": 30866,
        "targetGroupDescription": "automatically created by ingress controller",
        "useStickySession": false,
        "useProxyProtocol": false,
        "algorithmType": {
          "code": "RR",
          "codeName": "Round Robin"
        },
        "createDate": "2025-11-25T15:29:14+0900",
        "regionCode": "KR",
        "loadBalancerInstanceNo": "114453359",
        "healthCheckProtocolType": {
          "code": "HTTP",
          "codeName": "HTTP protocol"
        },
        "healthCheckPort": 30866,
        "healthCheckUrl...
2025-12-01 13:01:08,988 - __main__ - INFO - ============================================================
2025-12-01 13:01:08,988 - __main__ - INFO - 네이버 클라우드 플랫폼 월간 리포트 생성 프로그램 시작
2025-12-01 13:01:08,988 - __main__ - INFO - ============================================================
2025-12-01 13:01:08,989 - utils.common_rest - INFO - [API Request] GET https://ncloud.apigw.ntruss.com/vloadbalancer/v2/getTargetList?targetGroupNo=4645923&responseFormatType=json
2025-12-01 13:01:09,355 - utils.common_rest - INFO - [API Response] Status: 200
2025-12-01 13:01:09,356 - utils.common_rest - INFO -   - Response Type: Dict
2025-12-01 13:01:09,356 - utils.common_rest - INFO -   - Response Keys: ['getTargetListResponse']
2025-12-01 13:01:09,356 - utils.common_rest - INFO -   - Response Body (first 1000 chars): {
  "getTargetListResponse": {
    "totalRows": 3,
    "targetList": [
      {
        "targetNo": "114444443",
        "targetName": "mlops-dev-ai-w-872e",
        "targetIp": "10.0.6.7",
        "healthCheckStatus": {
          "code": "UP",
          "codeName": "Health UP state"
        },
        "healthCheckResponse": "HTTP/200"
      },
      {
        "targetNo": "114444467",
        "targetName": "mlops-dev-front-w-b145",
        "targetIp": "10.0.6.8",
        "healthCheckStatus": {
          "code": "UP",
          "codeName": "Health UP state"
        },
        "healthCheckResponse": "HTTP/200"
      },
      {
        "targetNo": "114444485",
        "targetName": "mlops-dev-back-w-423a",
        "targetIp": "10.0.6.9",
        "healthCheckStatus": {
          "code": "UP",
          "codeName": "Health UP state"
        },
        "healthCheckResponse": "HTTP/200"
      }
    ],
    "requestId": "07f0df0e-04ed-40ce-8302-e163f231fb84",
    "returnCode": "0",
    "returnMe...
2025-12-01 13:20:12,056 - __main__ - INFO - ============================================================
2025-12-01 13:20:12,056 - __main__ - INFO - 네이버 클라우드 플랫폼 월간 리포트 생성 프로그램 시작
2025-12-01 13:20:12,056 - __main__ - INFO - ============================================================
2025-12-01 13:20:28,714 - __main__ - INFO - ============================================================
2025-12-01 13:20:28,714 - __main__ - INFO - 네이버 클라우드 플랫폼 월간 리포트 생성 프로그램 시작
2025-12-01 13:20:28,714 - __main__ - INFO - ============================================================
2025-12-01 13:20:41,096 - __main__ - INFO - ============================================================
2025-12-01 13:20:41,096 - __main__ - INFO - 네이버 클라우드 플랫폼 월간 리포트 생성 프로그램 시작
2025-12-01 13:20:41,096 - __main__ - INFO - ============================================================
2025-12-01 13:20:41,097 - utils.common_rest - INFO - [API Request] GET https://globaldns.apigw.ntruss.com/dns/v1/ncpdns/domain/monitoring?baseTimeUnix=MINUTE_1&responseFormatType=json
2025-12-01 13:20:41,647 - utils.common_rest - WARNING - Request failed (attempt 1/3): 400 Client Error: Bad Request for url: https://globaldns.apigw.ntruss.com/dns/v1/ncpdns/domain/monitoring?baseTimeUnix=MINUTE_1&responseFormatType=json
2025-12-01 13:20:41,647 - utils.common_rest - INFO - Retrying in 1 seconds...
2025-12-01 13:20:42,679 - utils.common_rest - WARNING - Request failed (attempt 2/3): 400 Client Error: Bad Request for url: https://globaldns.apigw.ntruss.com/dns/v1/ncpdns/domain/monitoring?baseTimeUnix=MINUTE_1&responseFormatType=json
2025-12-01 13:20:42,679 - utils.common_rest - INFO - Retrying in 2 seconds...
2025-12-01 13:20:44,710 - utils.common_rest - ERROR - Request failed after 3 attempts: 400 Client Error: Bad Request for url: https://globaldns.apigw.ntruss.com/dns/v1/ncpdns/domain/monitoring?baseTimeUnix=MINUTE_1&responseFormatType=json
2025-12-01 13:30:11,673 - __main__ - INFO - ============================================================
2025-12-01 13:30:11,673 - __main__ - INFO - 네이버 클라우드 플랫폼 월간 리포트 생성 프로그램 시작
2025-12-01 13:30:11,674 - __main__ - INFO - ============================================================
2025-12-01 13:30:11,674 - utils.common_rest - INFO - [API Request] GET https://globaldns.apigw.ntruss.com/dns/v1/ncpdns/domain/monitoring?baseTimeUnix=MINUTE_1&responseFormatType=json
2025-12-01 13:30:12,030 - utils.common_rest - WARNING - Request failed (attempt 1/3): 400 Client Error: Bad Request for url: https://globaldns.apigw.ntruss.com/dns/v1/ncpdns/domain/monitoring?baseTimeUnix=MINUTE_1&responseFormatType=json
2025-12-01 13:30:12,031 - utils.common_rest - INFO - Retrying in 1 seconds...
2025-12-01 13:30:13,114 - utils.common_rest - WARNING - Request failed (attempt 2/3): 400 Client Error: Bad Request for url: https://globaldns.apigw.ntruss.com/dns/v1/ncpdns/domain/monitoring?baseTimeUnix=MINUTE_1&responseFormatType=json
2025-12-01 13:30:13,115 - utils.common_rest - INFO - Retrying in 2 seconds...
2025-12-01 13:30:15,146 - utils.common_rest - ERROR - Request failed after 3 attempts: 400 Client Error: Bad Request for url: https://globaldns.apigw.ntruss.com/dns/v1/ncpdns/domain/monitoring?baseTimeUnix=MINUTE_1&responseFormatType=json
2025-12-01 13:30:41,310 - __main__ - INFO - ============================================================
2025-12-01 13:30:41,310 - __main__ - INFO - 네이버 클라우드 플랫폼 월간 리포트 생성 프로그램 시작
2025-12-01 13:30:41,311 - __main__ - INFO - ============================================================
2025-12-01 13:30:41,311 - utils.common_rest - INFO - [API Request] GET https://globaldns.apigw.ntruss.com/dns/v1/ncpdns/domain/monitoring?baseTimeUnix=MINUTE_1&responseFormatType=json
2025-12-01 13:30:41,626 - utils.common_rest - WARNING - Request failed (attempt 1/3): 400 Client Error: Bad Request for url: https://globaldns.apigw.ntruss.com/dns/v1/ncpdns/domain/monitoring?baseTimeUnix=MINUTE_1&responseFormatType=json
2025-12-01 13:30:41,627 - utils.common_rest - INFO - Retrying in 1 seconds...
2025-12-01 13:30:42,663 - utils.common_rest - WARNING - Request failed (attempt 2/3): 400 Client Error: Bad Request for url: https://globaldns.apigw.ntruss.com/dns/v1/ncpdns/domain/monitoring?baseTimeUnix=MINUTE_1&responseFormatType=json
2025-12-01 13:30:42,663 - utils.common_rest - INFO - Retrying in 2 seconds...
2025-12-01 13:30:44,699 - utils.common_rest - ERROR - Request failed after 3 attempts: 400 Client Error: Bad Request for url: https://globaldns.apigw.ntruss.com/dns/v1/ncpdns/domain/monitoring?baseTimeUnix=MINUTE_1&responseFormatType=json
2025-12-01 13:31:30,942 - __main__ - INFO - ============================================================
2025-12-01 13:31:30,943 - __main__ - INFO - 네이버 클라우드 플랫폼 월간 리포트 생성 프로그램 시작
2025-12-01 13:31:30,943 - __main__ - INFO - ============================================================
2025-12-01 13:31:30,943 - utils.common_rest - INFO - [API Request] GET https://globaldns.apigw.ntruss.com/dns/v1/ncpdns/domain/monitoring?baseTimeUnix=MINUTE_1&responseFormatType=json
2025-12-01 13:31:31,543 - utils.common_rest - WARNING - Request failed (attempt 1/3): 400 Client Error: Bad Request for url: https://globaldns.apigw.ntruss.com/dns/v1/ncpdns/domain/monitoring?baseTimeUnix=MINUTE_1&responseFormatType=json
2025-12-01 13:31:31,543 - utils.common_rest - INFO - Retrying in 1 seconds...
2025-12-01 13:31:32,623 - utils.common_rest - WARNING - Request failed (attempt 2/3): 400 Client Error: Bad Request for url: https://globaldns.apigw.ntruss.com/dns/v1/ncpdns/domain/monitoring?baseTimeUnix=MINUTE_1&responseFormatType=json
2025-12-01 13:31:32,623 - utils.common_rest - INFO - Retrying in 2 seconds...
2025-12-01 13:31:34,715 - utils.common_rest - ERROR - Request failed after 3 attempts: 400 Client Error: Bad Request for url: https://globaldns.apigw.ntruss.com/dns/v1/ncpdns/domain/monitoring?baseTimeUnix=MINUTE_1&responseFormatType=json
2025-12-01 13:31:49,859 - __main__ - INFO - ============================================================
2025-12-01 13:31:49,860 - __main__ - INFO - 네이버 클라우드 플랫폼 월간 리포트 생성 프로그램 시작
2025-12-01 13:31:49,860 - __main__ - INFO - ============================================================
2025-12-01 13:31:49,860 - utils.common_rest - INFO - [API Request] GET https://globaldns.apigw.ntruss.com/dns/v1/ncpdns/domain/monitoring?baseTimeUnix=MINUTE_5&responseFormatType=json
2025-12-01 13:31:50,203 - utils.common_rest - WARNING - Request failed (attempt 1/3): 400 Client Error: Bad Request for url: https://globaldns.apigw.ntruss.com/dns/v1/ncpdns/domain/monitoring?baseTimeUnix=MINUTE_5&responseFormatType=json
2025-12-01 13:31:50,204 - utils.common_rest - INFO - Retrying in 1 seconds...
2025-12-01 13:31:51,244 - utils.common_rest - WARNING - Request failed (attempt 2/3): 400 Client Error: Bad Request for url: https://globaldns.apigw.ntruss.com/dns/v1/ncpdns/domain/monitoring?baseTimeUnix=MINUTE_5&responseFormatType=json
2025-12-01 13:31:51,244 - utils.common_rest - INFO - Retrying in 2 seconds...
2025-12-01 13:31:53,289 - utils.common_rest - ERROR - Request failed after 3 attempts: 400 Client Error: Bad Request for url: https://globaldns.apigw.ntruss.com/dns/v1/ncpdns/domain/monitoring?baseTimeUnix=MINUTE_5&responseFormatType=json
2025-12-01 13:32:38,947 - __main__ - INFO - ============================================================
2025-12-01 13:32:38,947 - __main__ - INFO - 네이버 클라우드 플랫폼 월간 리포트 생성 프로그램 시작
2025-12-01 13:32:38,947 - __main__ - INFO - ============================================================
2025-12-01 13:32:38,947 - utils.common_rest - INFO - [API Request] GET https://globaldns.apigw.ntruss.com/dns/v1/ncpdns/domain/monitoring?baseTimeUnix=MINUTE_5&responseFormatType=json
2025-12-01 13:32:39,255 - utils.common_rest - WARNING - Request failed (attempt 1/3): 400 Client Error: Bad Request for url: https://globaldns.apigw.ntruss.com/dns/v1/ncpdns/domain/monitoring?baseTimeUnix=MINUTE_5&responseFormatType=json
2025-12-01 13:32:39,255 - utils.common_rest - INFO - Retrying in 1 seconds...
2025-12-01 13:32:40,279 - utils.common_rest - WARNING - Request failed (attempt 2/3): 400 Client Error: Bad Request for url: https://globaldns.apigw.ntruss.com/dns/v1/ncpdns/domain/monitoring?baseTimeUnix=MINUTE_5&responseFormatType=json
2025-12-01 13:32:40,280 - utils.common_rest - INFO - Retrying in 2 seconds...
2025-12-01 13:32:42,314 - utils.common_rest - ERROR - Request failed after 3 attempts: 400 Client Error: Bad Request for url: https://globaldns.apigw.ntruss.com/dns/v1/ncpdns/domain/monitoring?baseTimeUnix=MINUTE_5&responseFormatType=json
2025-12-01 13:35:36,610 - __main__ - INFO - ============================================================
2025-12-01 13:35:36,610 - __main__ - INFO - 네이버 클라우드 플랫폼 월간 리포트 생성 프로그램 시작
2025-12-01 13:35:36,610 - __main__ - INFO - ============================================================
2025-12-01 13:35:36,610 - utils.common_rest - INFO - [API Request] GET https://globaldns.apigw.ntruss.com/dns/v1/ncpdns/domain/monitoring?baseTimeUnix=MINUTE_5&responseFormatType=json
2025-12-01 13:35:36,981 - utils.common_rest - WARNING - Request failed (attempt 1/3): 400 Client Error: Bad Request for url: https://globaldns.apigw.ntruss.com/dns/v1/ncpdns/domain/monitoring?baseTimeUnix=MINUTE_5&responseFormatType=json
2025-12-01 13:35:36,982 - utils.common_rest - INFO - Retrying in 1 seconds...
2025-12-01 13:35:38,021 - utils.common_rest - WARNING - Request failed (attempt 2/3): 400 Client Error: Bad Request for url: https://globaldns.apigw.ntruss.com/dns/v1/ncpdns/domain/monitoring?baseTimeUnix=MINUTE_5&responseFormatType=json
2025-12-01 13:35:38,021 - utils.common_rest - INFO - Retrying in 2 seconds...
2025-12-01 13:35:40,088 - utils.common_rest - ERROR - Request failed after 3 attempts: 400 Client Error: Bad Request for url: https://globaldns.apigw.ntruss.com/dns/v1/ncpdns/domain/monitoring?baseTimeUnix=MINUTE_5&responseFormatType=json
2025-12-01 13:42:30,940 - __main__ - INFO - ============================================================
2025-12-01 13:42:30,941 - __main__ - INFO - 네이버 클라우드 플랫폼 월간 리포트 생성 프로그램 시작
2025-12-01 13:42:30,941 - __main__ - INFO - ============================================================
2025-12-01 13:42:30,941 - utils.common_rest - INFO - [API Request] GET https://globaldns.apigw.ntruss.com/dns/v1/ncpdns/domain/monitoring?baseTimeUnix=MINUTE_5
2025-12-01 13:42:31,525 - utils.common_rest - WARNING - Request failed (attempt 1/3): 400 Client Error: Bad Request for url: https://globaldns.apigw.ntruss.com/dns/v1/ncpdns/domain/monitoring?baseTimeUnix=MINUTE_5
2025-12-01 13:42:31,525 - utils.common_rest - INFO - Retrying in 1 seconds...
2025-12-01 13:42:32,758 - utils.common_rest - WARNING - Request failed (attempt 2/3): 400 Client Error: Bad Request for url: https://globaldns.apigw.ntruss.com/dns/v1/ncpdns/domain/monitoring?baseTimeUnix=MINUTE_5
2025-12-01 13:42:32,759 - utils.common_rest - INFO - Retrying in 2 seconds...
2025-12-01 13:42:34,786 - utils.common_rest - ERROR - Request failed after 3 attempts: 400 Client Error: Bad Request for url: https://globaldns.apigw.ntruss.com/dns/v1/ncpdns/domain/monitoring?baseTimeUnix=MINUTE_5
2025-12-01 15:31:17,219 - __main__ - INFO - ============================================================
2025-12-01 15:31:17,220 - __main__ - INFO - 네이버 클라우드 플랫폼 월간 리포트 생성 프로그램 시작
2025-12-01 15:31:17,220 - __main__ - INFO - ============================================================
2025-12-01 15:31:17,220 - utils.common_rest - INFO - [API Request] GET https://globaldns.apigw.ntruss.com/dns/v1/ncpdns/domain?page=1&size=10
2025-12-01 15:31:17,554 - utils.common_rest - INFO - [API Response] Status: 200
2025-12-01 15:31:17,554 - utils.common_rest - INFO -   - Response Type: Dict
2025-12-01 15:31:17,554 - utils.common_rest - INFO -   - Response Keys: ['content', 'pageable', 'last', 'totalElements', 'totalPages', 'first', 'sort', 'number', 'numberOfElements', 'size', 'empty']
2025-12-01 15:31:17,554 - utils.common_rest - INFO -   - Response Body: {
  "content": [],
  "pageable": {
    "sort": {
      "sorted": true,
      "unsorted": false,
      "empty": false
    },
    "pageSize": 10,
    "pageNumber": 1,
    "offset": 10,
    "paged": true,
    "unpaged": false
  },
  "last": true,
  "totalElements": 0,
  "totalPages": 0,
  "first": false,
  "sort": {
    "sorted": true,
    "unsorted": false,
    "empty": false
  },
  "number": 1,
  "numberOfElements": 0,
  "size": 10,
  "empty": true
}
2025-12-01 15:32:09,627 - __main__ - INFO - ============================================================
2025-12-01 15:32:09,627 - __main__ - INFO - 네이버 클라우드 플랫폼 월간 리포트 생성 프로그램 시작
2025-12-01 15:32:09,627 - __main__ - INFO - ============================================================
2025-12-01 15:32:09,628 - utils.common_rest - INFO - [API Request] GET https://globaldns.apigw.ntruss.com/dns/v1/ncpdns/lb-record/VPC/A?searchContent=None&lbRegionCode=None
2025-12-01 15:32:10,011 - utils.common_rest - WARNING - Request failed (attempt 1/3): 500 Server Error: Internal Server Error for url: https://globaldns.apigw.ntruss.com/dns/v1/ncpdns/lb-record/VPC/A?searchContent=None&lbRegionCode=None
2025-12-01 15:32:10,011 - utils.common_rest - INFO - Retrying in 1 seconds...
2025-12-01 15:32:11,037 - utils.common_rest - WARNING - Request failed (attempt 2/3): 500 Server Error: Internal Server Error for url: https://globaldns.apigw.ntruss.com/dns/v1/ncpdns/lb-record/VPC/A?searchContent=None&lbRegionCode=None
2025-12-01 15:32:11,038 - utils.common_rest - INFO - Retrying in 2 seconds...
2025-12-01 15:32:13,066 - utils.common_rest - ERROR - Request failed after 3 attempts: 500 Server Error: Internal Server Error for url: https://globaldns.apigw.ntruss.com/dns/v1/ncpdns/lb-record/VPC/A?searchContent=None&lbRegionCode=None
2025-12-01 15:32:23,931 - __main__ - INFO - ============================================================
2025-12-01 15:32:23,931 - __main__ - INFO - 네이버 클라우드 플랫폼 월간 리포트 생성 프로그램 시작
2025-12-01 15:32:23,932 - __main__ - INFO - ============================================================
2025-12-01 15:32:23,932 - utils.common_rest - INFO - [API Request] GET https://globaldns.apigw.ntruss.com/dns/v1/ncpdns/lb-record/VPC/AAA?searchContent=None&lbRegionCode=None
2025-12-01 15:32:24,344 - utils.common_rest - WARNING - Request failed (attempt 1/3): 500 Server Error: Internal Server Error for url: https://globaldns.apigw.ntruss.com/dns/v1/ncpdns/lb-record/VPC/AAA?searchContent=None&lbRegionCode=None
2025-12-01 15:32:24,345 - utils.common_rest - INFO - Retrying in 1 seconds...
2025-12-01 15:32:25,580 - utils.common_rest - WARNING - Request failed (attempt 2/3): 500 Server Error: Internal Server Error for url: https://globaldns.apigw.ntruss.com/dns/v1/ncpdns/lb-record/VPC/AAA?searchContent=None&lbRegionCode=None
2025-12-01 15:32:25,580 - utils.common_rest - INFO - Retrying in 2 seconds...
2025-12-01 15:32:27,931 - utils.common_rest - ERROR - Request failed after 3 attempts: 500 Server Error: Internal Server Error for url: https://globaldns.apigw.ntruss.com/dns/v1/ncpdns/lb-record/VPC/AAA?searchContent=None&lbRegionCode=None
2025-12-01 15:51:30,309 - __main__ - INFO - ============================================================
2025-12-01 15:51:30,310 - __main__ - INFO - 네이버 클라우드 플랫폼 월간 리포트 생성 프로그램 시작
2025-12-01 15:51:30,310 - __main__ - INFO - ============================================================
2025-12-01 15:51:30,311 - utils.common_rest - INFO - [API Request] GET https://resourcemanager.apigw.ntruss.com/api/v1/groups?pageSize=20
2025-12-01 15:51:31,141 - utils.common_rest - WARNING - Request failed (attempt 1/3): 403 Client Error: Forbidden for url: https://resourcemanager.apigw.ntruss.com/api/v1/groups?pageSize=20
2025-12-01 15:51:31,141 - utils.common_rest - INFO - Retrying in 1 seconds...
2025-12-01 15:51:32,216 - utils.common_rest - WARNING - Request failed (attempt 2/3): 403 Client Error: Forbidden for url: https://resourcemanager.apigw.ntruss.com/api/v1/groups?pageSize=20
2025-12-01 15:51:32,216 - utils.common_rest - INFO - Retrying in 2 seconds...
2025-12-01 15:51:34,378 - utils.common_rest - ERROR - Request failed after 3 attempts: 403 Client Error: Forbidden for url: https://resourcemanager.apigw.ntruss.com/api/v1/groups?pageSize=20
2025-12-01 15:52:43,390 - __main__ - INFO - ============================================================
2025-12-01 15:52:43,390 - __main__ - INFO - 네이버 클라우드 플랫폼 월간 리포트 생성 프로그램 시작
2025-12-01 15:52:43,390 - __main__ - INFO - ============================================================
2025-12-01 15:52:43,391 - utils.common_rest - INFO - [API Request] GET https://resourcemanager.apigw.ntruss.com/api/v1/groups
2025-12-01 15:52:43,744 - utils.common_rest - WARNING - Request failed (attempt 1/3): 403 Client Error: Forbidden for url: https://resourcemanager.apigw.ntruss.com/api/v1/groups
2025-12-01 15:52:43,745 - utils.common_rest - INFO - Retrying in 1 seconds...
2025-12-01 15:52:44,780 - utils.common_rest - WARNING - Request failed (attempt 2/3): 403 Client Error: Forbidden for url: https://resourcemanager.apigw.ntruss.com/api/v1/groups
2025-12-01 15:52:44,780 - utils.common_rest - INFO - Retrying in 2 seconds...
2025-12-01 15:52:46,825 - utils.common_rest - ERROR - Request failed after 3 attempts: 403 Client Error: Forbidden for url: https://resourcemanager.apigw.ntruss.com/api/v1/groups
2025-12-01 15:54:30,743 - __main__ - INFO - ============================================================
2025-12-01 15:54:30,743 - __main__ - INFO - 네이버 클라우드 플랫폼 월간 리포트 생성 프로그램 시작
2025-12-01 15:54:30,744 - __main__ - INFO - ============================================================
2025-12-01 15:54:30,744 - utils.common_rest - INFO - [API Request] GET https://resourcemanager.apigw.ntruss.com/api/v1/groups
2025-12-01 15:54:31,236 - utils.common_rest - INFO - [API Response] Status: 200
2025-12-01 15:54:31,237 - utils.common_rest - INFO -   - Response Type: Dict
2025-12-01 15:54:31,237 - utils.common_rest - INFO -   - Response Keys: ['pageIndex', 'pageSize', 'itemCount', 'hasMore', 'items']
2025-12-01 15:54:31,237 - utils.common_rest - INFO -   - Response Body: {
  "pageIndex": 0,
  "pageSize": 20,
  "itemCount": 0,
  "hasMore": false,
  "items": []
}
2025-12-01 16:09:06,240 - __main__ - INFO - ============================================================
2025-12-01 16:09:06,241 - __main__ - INFO - 네이버 클라우드 플랫폼 월간 리포트 생성 프로그램 시작
2025-12-01 16:09:06,241 - __main__ - INFO - ============================================================
2025-12-01 16:09:06,241 - utils.common_rest - INFO - [API Request] GET https://resourcemanager.apigw.ntruss.com/api/v1/resources
2025-12-01 16:09:06,699 - utils.common_rest - WARNING - Request failed (attempt 1/3): 404 Client Error: Not Found for url: https://resourcemanager.apigw.ntruss.com/api/v1/resources
2025-12-01 16:09:06,699 - utils.common_rest - INFO - Retrying in 1 seconds...
2025-12-01 16:09:07,722 - utils.common_rest - WARNING - Request failed (attempt 2/3): 404 Client Error: Not Found for url: https://resourcemanager.apigw.ntruss.com/api/v1/resources
2025-12-01 16:09:07,722 - utils.common_rest - INFO - Retrying in 2 seconds...
2025-12-01 16:09:09,782 - utils.common_rest - ERROR - Request failed after 3 attempts: 404 Client Error: Not Found for url: https://resourcemanager.apigw.ntruss.com/api/v1/resources
2025-12-01 16:20:37,916 - __main__ - INFO - ============================================================
2025-12-01 16:20:37,916 - __main__ - INFO - 네이버 클라우드 플랫폼 월간 리포트 생성 프로그램 시작
2025-12-01 16:20:37,916 - __main__ - INFO - ============================================================
2025-12-01 16:20:37,917 - utils.common_rest - INFO - [API Request] GET https://resourcemanager.apigw.ntruss.com/api/v1/resources
2025-12-01 16:20:38,242 - utils.common_rest - WARNING - Request failed (attempt 1/3): 404 Client Error: Not Found for url: https://resourcemanager.apigw.ntruss.com/api/v1/resources
2025-12-01 16:20:38,242 - utils.common_rest - INFO - Retrying in 1 seconds...
2025-12-01 16:20:39,255 - utils.common_rest - WARNING - Request failed (attempt 2/3): 404 Client Error: Not Found for url: https://resourcemanager.apigw.ntruss.com/api/v1/resources
2025-12-01 16:20:39,255 - utils.common_rest - INFO - Retrying in 2 seconds...
2025-12-01 16:20:41,264 - utils.common_rest - ERROR - Request failed after 3 attempts: 404 Client Error: Not Found for url: https://resourcemanager.apigw.ntruss.com/api/v1/resources
2026-04-13 10:46:15,225 - __main__ - INFO - ============================================================
2026-04-13 10:46:15,226 - __main__ - INFO - 네이버 클라우드 플랫폼 월간 리포트 생성 프로그램 시작
2026-04-13 10:46:15,227 - __main__ - INFO - ============================================================
2026-04-13 10:46:15,228 - utils.common_rest - INFO - [API Request] GET https://resourcemanager.apigw.ntruss.com/api/v1/resources
2026-04-13 10:46:16,264 - utils.common_rest - WARNING - Request failed (attempt 1/3): 404 Client Error: Not Found for url: https://resourcemanager.apigw.ntruss.com/api/v1/resources
2026-04-13 10:46:16,265 - utils.common_rest - INFO - Retrying in 1 seconds...
2026-04-13 10:46:17,307 - utils.common_rest - WARNING - Request failed (attempt 2/3): 404 Client Error: Not Found for url: https://resourcemanager.apigw.ntruss.com/api/v1/resources
2026-04-13 10:46:17,308 - utils.common_rest - INFO - Retrying in 2 seconds...
2026-04-13 10:46:19,334 - utils.common_rest - ERROR - Request failed after 3 attempts: 404 Client Error: Not Found for url: https://resourcemanager.apigw.ntruss.com/api/v1/resources
2026-04-13 10:57:49,378 - __main__ - INFO - ============================================================
2026-04-13 10:57:49,379 - __main__ - INFO - 네이버 클라우드 플랫폼 월간 리포트 생성 프로그램 시작
2026-04-13 10:57:49,379 - __main__ - INFO - ============================================================
2026-04-13 10:57:49,380 - utils.common_rest - INFO - [API Request] GET https://resourcemanager.apigw.ntruss.com/api/v1/resources
2026-04-13 10:57:50,248 - utils.common_rest - WARNING - Request failed (attempt 1/3): 404 Client Error: Not Found for url: https://resourcemanager.apigw.ntruss.com/api/v1/resources
2026-04-13 10:57:50,249 - utils.common_rest - INFO - Retrying in 1 seconds...
2026-04-13 10:57:51,278 - utils.common_rest - WARNING - Request failed (attempt 2/3): 404 Client Error: Not Found for url: https://resourcemanager.apigw.ntruss.com/api/v1/resources
2026-04-13 10:57:51,279 - utils.common_rest - INFO - Retrying in 2 seconds...
2026-04-13 10:57:53,297 - utils.common_rest - ERROR - Request failed after 3 attempts: 404 Client Error: Not Found for url: https://resourcemanager.apigw.ntruss.com/api/v1/resources
2026-04-13 10:58:17,921 - __main__ - INFO - ============================================================
2026-04-13 10:58:17,921 - __main__ - INFO - 네이버 클라우드 플랫폼 월간 리포트 생성 프로그램 시작
2026-04-13 10:58:17,922 - __main__ - INFO - ============================================================
2026-04-13 10:58:17,923 - utils.common_rest - INFO - [API Request] POST https://resourcemanager.apigw.ntruss.com/api/v1/resources
2026-04-13 10:58:18,957 - utils.common_rest - WARNING - Request failed (attempt 1/3): 400 Client Error: Bad Request for url: https://resourcemanager.apigw.ntruss.com/api/v1/resources
2026-04-13 10:58:18,958 - utils.common_rest - INFO - Retrying in 1 seconds...
2026-04-13 10:58:19,997 - utils.common_rest - WARNING - Request failed (attempt 2/3): 400 Client Error: Bad Request for url: https://resourcemanager.apigw.ntruss.com/api/v1/resources
2026-04-13 10:58:19,998 - utils.common_rest - INFO - Retrying in 2 seconds...
2026-04-13 10:58:22,049 - utils.common_rest - ERROR - Request failed after 3 attempts: 400 Client Error: Bad Request for url: https://resourcemanager.apigw.ntruss.com/api/v1/resources
2026-04-13 11:09:28,526 - __main__ - INFO - ============================================================
2026-04-13 11:09:28,528 - __main__ - INFO - 네이버 클라우드 플랫폼 월간 리포트 생성 프로그램 시작
2026-04-13 11:09:28,529 - __main__ - INFO - ============================================================
2026-04-13 11:09:28,530 - utils.common_rest - INFO - [API Request] POST https://resourcemanager.apigw.ntruss.com/api/v1/resources
2026-04-13 11:09:29,511 - utils.common_rest - INFO - [API Response] Status: 200
2026-04-13 11:09:29,514 - utils.common_rest - INFO -   - Response Type: Dict
2026-04-13 11:09:29,515 - utils.common_rest - INFO -   - Response Keys: ['items', 'pageIndex', 'pageSize', 'itemCount', 'hasMore']
2026-04-13 11:09:29,516 - utils.common_rest - INFO -   - Response Body (first 1000 chars): {
  "items": [
    {
      "nrn": "nrn:PUB:IAM::3276162:Policy/64f6e290-f940-11f0-bc39-0ad5d6bf0000",
      "platformType": "BOTH",
      "productName": "IAM",
      "productDisplayName": "Sub Account",
      "regionCode": "",
      "regionDisplayName": "Global",
      "resourceType": "Policy",
      "resourceId": "64f6e290-f940-11f0-bc39-0ad5d6bf0000",
      "resourceName": "object_storage_admin",
      "createTime": 1769271541695,
      "eventTime": 1776025175278,
      "tag": [],
      "group": []
    },
    {
      "nrn": "nrn:PUB:IAM::3276162:Policy/ab57cdf0-1b4f-11f0-aafa-005056a79369",
      "platformType": "BOTH",
      "productName": "IAM",
      "productDisplayName": "Sub Account",
      "regionCode": "",
      "regionDisplayName": "Global",
      "resourceType": "Policy",
      "resourceId": "ab57cdf0-1b4f-11f0-aafa-005056a79369",
      "resourceName": "ServerImage추가변경",
      "createTime": 1744868944105,
      "eventTime": 1776025172342,
      "tag": [],
      "group": []
 ...
2026-04-13 11:28:00,410 - __main__ - INFO - ============================================================
2026-04-13 11:28:00,411 - __main__ - INFO - 네이버 클라우드 플랫폼 월간 리포트 생성 프로그램 시작
2026-04-13 11:28:00,412 - __main__ - INFO - ============================================================
2026-04-13 11:28:00,413 - utils.common_rest - INFO - [API Request] POST https://resourcemanager.apigw.gov-ntruss.com/api/v1/resources
2026-04-13 11:28:01,547 - utils.common_rest - INFO - [API Response] Status: 200
2026-04-13 11:28:01,549 - utils.common_rest - INFO -   - Response Type: Dict
2026-04-13 11:28:01,550 - utils.common_rest - INFO -   - Response Keys: ['items', 'pageIndex', 'pageSize', 'itemCount', 'hasMore']
2026-04-13 11:28:01,550 - utils.common_rest - INFO -   - Response Body (first 1000 chars): {
  "items": [
    {
      "nrn": "nrn:GOV:IAM::10953:SubAccount/3b38d350-086e-11f0-ba4a-005056a7aca7",
      "platformType": "BOTH",
      "productName": "IAM",
      "productDisplayName": "Sub Account",
      "regionCode": "",
      "regionDisplayName": "Global",
      "resourceType": "SubAccount",
      "resourceId": "3b38d350-086e-11f0-ba4a-005056a7aca7",
      "resourceName": "hmcho",
      "createTime": 1742792998359,
      "eventTime": 1776046932689,
      "tag": [],
      "group": []
    },
    {
      "nrn": "nrn:GOV:VPCServer:KR:10953:ACG/68479",
      "platformType": "VPC",
      "productName": "VPCServer",
      "productDisplayName": "Server",
      "regionCode": "KR",
      "regionDisplayName": "KR",
      "resourceType": "ACG",
      "resourceId": "68479",
      "resourceName": "acg-komsco-nf",
      "createTime": 1737440213613,
      "eventTime": 1775707411169,
      "tag": [],
      "group": []
    },
    {
      "nrn": "nrn:GOV:VPCServer:KR:10953:ACG/68478",
      "pla...
2026-04-13 11:31:01,600 - __main__ - INFO - ============================================================
2026-04-13 11:31:01,601 - __main__ - INFO - 네이버 클라우드 플랫폼 월간 리포트 생성 프로그램 시작
2026-04-13 11:31:01,602 - __main__ - INFO - ============================================================
2026-04-13 11:31:01,603 - utils.common_rest - INFO - [API Request] POST https://resourcemanager.apigw.gov-ntruss.com/api/v1/resources
2026-04-13 11:31:01,604 - utils.common_rest - INFO -   - Request Body (JSON): {'size': 100}
2026-04-13 11:31:02,816 - utils.common_rest - INFO - [API Response] Status: 200
2026-04-13 11:31:02,818 - utils.common_rest - INFO -   - Response Type: Dict
2026-04-13 11:31:02,819 - utils.common_rest - INFO -   - Response Keys: ['items', 'pageIndex', 'size', 'itemCount', 'hasMore']
2026-04-13 11:31:02,820 - utils.common_rest - INFO -   - Response Body (first 1000 chars): {
  "items": [
    {
      "nrn": "nrn:GOV:IAM::10953:SubAccount/3b38d350-086e-11f0-ba4a-005056a7aca7",
      "platformType": "BOTH",
      "productName": "IAM",
      "productDisplayName": "Sub Account",
      "regionCode": "",
      "regionDisplayName": "Global",
      "resourceType": "SubAccount",
      "resourceId": "3b38d350-086e-11f0-ba4a-005056a7aca7",
      "resourceName": "hmcho",
      "createTime": 1742792998359,
      "eventTime": 1776046932689,
      "tag": [],
      "group": []
    },
    {
      "nrn": "nrn:GOV:VPCServer:KR:10953:ACG/68479",
      "platformType": "VPC",
      "productName": "VPCServer",
      "productDisplayName": "Server",
      "regionCode": "KR",
      "regionDisplayName": "KR",
      "resourceType": "ACG",
      "resourceId": "68479",
      "resourceName": "acg-komsco-nf",
      "createTime": 1737440213613,
      "eventTime": 1775707411169,
      "tag": [],
      "group": []
    },
    {
      "nrn": "nrn:GOV:VPCServer:KR:10953:ACG/68478",
      "pla...
2026-04-13 11:31:21,863 - __main__ - INFO - ============================================================
2026-04-13 11:31:21,864 - __main__ - INFO - 네이버 클라우드 플랫폼 월간 리포트 생성 프로그램 시작
2026-04-13 11:31:21,865 - __main__ - INFO - ============================================================
2026-04-13 11:31:21,866 - utils.common_rest - INFO - [API Request] POST https://resourcemanager.apigw.gov-ntruss.com/api/v1/resources
2026-04-13 11:31:21,876 - utils.common_rest - INFO -   - Request Body (JSON): {'size': 200}
2026-04-13 11:31:23,088 - utils.common_rest - INFO - [API Response] Status: 200
2026-04-13 11:31:23,091 - utils.common_rest - INFO -   - Response Type: Dict
2026-04-13 11:31:23,091 - utils.common_rest - INFO -   - Response Keys: ['items', 'pageIndex', 'size', 'itemCount', 'hasMore']
2026-04-13 11:31:23,093 - utils.common_rest - INFO -   - Response Body (first 1000 chars): {
  "items": [
    {
      "nrn": "nrn:GOV:IAM::10953:SubAccount/3b38d350-086e-11f0-ba4a-005056a7aca7",
      "platformType": "BOTH",
      "productName": "IAM",
      "productDisplayName": "Sub Account",
      "regionCode": "",
      "regionDisplayName": "Global",
      "resourceType": "SubAccount",
      "resourceId": "3b38d350-086e-11f0-ba4a-005056a7aca7",
      "resourceName": "hmcho",
      "createTime": 1742792998359,
      "eventTime": 1776046932689,
      "tag": [],
      "group": []
    },
    {
      "nrn": "nrn:GOV:VPCServer:KR:10953:ACG/68479",
      "platformType": "VPC",
      "productName": "VPCServer",
      "productDisplayName": "Server",
      "regionCode": "KR",
      "regionDisplayName": "KR",
      "resourceType": "ACG",
      "resourceId": "68479",
      "resourceName": "acg-komsco-nf",
      "createTime": 1737440213613,
      "eventTime": 1775707411169,
      "tag": [],
      "group": []
    },
    {
      "nrn": "nrn:GOV:VPCServer:KR:10953:ACG/68478",
      "pla...
2026-04-13 11:31:37,772 - __main__ - INFO - ============================================================
2026-04-13 11:31:37,772 - __main__ - INFO - 네이버 클라우드 플랫폼 월간 리포트 생성 프로그램 시작
2026-04-13 11:31:37,773 - __main__ - INFO - ============================================================
2026-04-13 11:31:37,774 - utils.common_rest - INFO - [API Request] POST https://resourcemanager.apigw.gov-ntruss.com/api/v1/resources
2026-04-13 11:31:37,775 - utils.common_rest - INFO -   - Request Body (JSON): {'size': 300}
2026-04-13 11:31:39,181 - utils.common_rest - INFO - [API Response] Status: 200
2026-04-13 11:31:39,185 - utils.common_rest - INFO -   - Response Type: Dict
2026-04-13 11:31:39,185 - utils.common_rest - INFO -   - Response Keys: ['items', 'pageIndex', 'size', 'itemCount', 'hasMore']
2026-04-13 11:31:39,189 - utils.common_rest - INFO -   - Response Body (first 1000 chars): {
  "items": [
    {
      "nrn": "nrn:GOV:IAM::10953:SubAccount/3b38d350-086e-11f0-ba4a-005056a7aca7",
      "platformType": "BOTH",
      "productName": "IAM",
      "productDisplayName": "Sub Account",
      "regionCode": "",
      "regionDisplayName": "Global",
      "resourceType": "SubAccount",
      "resourceId": "3b38d350-086e-11f0-ba4a-005056a7aca7",
      "resourceName": "hmcho",
      "createTime": 1742792998359,
      "eventTime": 1776046932689,
      "tag": [],
      "group": []
    },
    {
      "nrn": "nrn:GOV:VPCServer:KR:10953:ACG/68479",
      "platformType": "VPC",
      "productName": "VPCServer",
      "productDisplayName": "Server",
      "regionCode": "KR",
      "regionDisplayName": "KR",
      "resourceType": "ACG",
      "resourceId": "68479",
      "resourceName": "acg-komsco-nf",
      "createTime": 1737440213613,
      "eventTime": 1775707411169,
      "tag": [],
      "group": []
    },
    {
      "nrn": "nrn:GOV:VPCServer:KR:10953:ACG/68478",
      "pla...
2026-04-14 17:24:55,515 - __main__ - INFO - ============================================================
2026-04-14 17:24:55,516 - __main__ - INFO - 네이버 클라우드 플랫폼 월간 리포트 생성 프로그램 시작
2026-04-14 17:24:55,516 - __main__ - INFO - ============================================================
2026-04-14 17:24:55,517 - utils.common_rest - INFO - [API Request] POST https://resourcemanager.apigw.gov-ntruss.com/api/v1/resources
2026-04-14 17:24:55,517 - utils.common_rest - INFO -   - Request Body (JSON): {'size': 300}
2026-04-14 17:24:56,490 - utils.common_rest - INFO - [API Response] Status: 200
2026-04-14 17:24:56,493 - utils.common_rest - INFO -   - Response Type: Dict
2026-04-14 17:24:56,493 - utils.common_rest - INFO -   - Response Keys: ['items', 'pageIndex', 'size', 'itemCount', 'hasMore']
2026-04-14 17:24:56,494 - utils.common_rest - INFO -   - Response Body (first 1000 chars): {
  "items": [
    {
      "nrn": "nrn:GOV:CloudInsight::7588:TargetGroup/1073633135623147520",
      "platformType": "BOTH",
      "productName": "CloudInsight",
      "productDisplayName": "Cloud Insight (Monitoring)",
      "regionCode": "",
      "regionDisplayName": "Global",
      "resourceType": "TargetGroup",
      "resourceId": "1073633135623147520",
      "resourceName": "전체 서버",
      "createTime": 1736140552422,
      "eventTime": 1776151731232,
      "tag": [],
      "group": []
    },
    {
      "nrn": "nrn:GOV:Server:KR:7588:Server/666875",
      "platformType": "Classic",
      "productName": "Server",
      "productDisplayName": "Server",
      "regionCode": "KR",
      "regionDisplayName": "KR",
      "resourceType": "Server",
      "resourceId": "666875",
      "resourceName": "sj-council-ap",
      "createTime": 1634277077238,
      "eventTime": 1776151067000,
      "tag": [],
      "group": [
        "Server"
      ]
    },
    {
      "nrn": "nrn:GOV:Server:KR:75...
2026-04-14 17:53:42,340 - __main__ - INFO - ============================================================
2026-04-14 17:53:42,340 - __main__ - INFO - 네이버 클라우드 플랫폼 월간 리포트 생성 프로그램 시작
2026-04-14 17:53:42,340 - __main__ - INFO - ============================================================
2026-04-14 17:53:42,341 - utils.common_rest - INFO - [API Request] POST https://resourcemanager.apigw.gov-ntruss.com/api/v1/resources
2026-04-14 17:53:42,341 - utils.common_rest - INFO -   - Request Body (JSON): {'size': 300}
2026-04-14 17:53:43,173 - utils.common_rest - INFO - [API Response] Status: 200
2026-04-14 17:53:43,174 - utils.common_rest - INFO -   - Response Type: Dict
2026-04-14 17:53:43,174 - utils.common_rest - INFO -   - Response Keys: ['items', 'pageIndex', 'size', 'itemCount', 'hasMore']
2026-04-14 17:53:43,174 - utils.common_rest - INFO -   - Response Body (first 1000 chars): {
  "items": [
    {
      "nrn": "nrn:GOV:IAM::7715:SubAccount/a3caa710-9da4-11f0-a629-005056a7aca7",
      "platformType": "BOTH",
      "productName": "IAM",
      "productDisplayName": "Sub Account",
      "regionCode": "",
      "regionDisplayName": "Global",
      "resourceType": "SubAccount",
      "resourceId": "a3caa710-9da4-11f0-a629-005056a7aca7",
      "resourceName": "clabi",
      "createTime": 1759199089835,
      "eventTime": 1776156781209,
      "tag": [],
      "group": []
    },
    {
      "nrn": "nrn:GOV:CloudInsight::7715:EventRule/889160802901704704",
      "platformType": "BOTH",
      "productName": "CloudInsight",
      "productDisplayName": "Cloud Insight (Monitoring)",
      "regionCode": "",
      "regionDisplayName": "Global",
      "resourceType": "EventRule",
      "resourceId": "889160802901704704",
      "resourceName": "Classic 모니터링 ",
      "createTime": 1692158920931,
      "eventTime": 1772088286295,
      "tag": [],
      "group": []
    },
    {
...
2026-04-15 11:23:58,842 - __main__ - INFO - ============================================================
2026-04-15 11:23:58,843 - __main__ - INFO - 네이버 클라우드 플랫폼 월간 리포트 생성 프로그램 시작
2026-04-15 11:23:58,844 - __main__ - INFO - ============================================================
2026-04-15 11:23:58,844 - utils.common_rest - INFO - [API Request] POST https://resourcemanager.apigw.gov-ntruss.com/api/v1/resources
2026-04-15 11:23:58,845 - utils.common_rest - INFO -   - Request Body (JSON): {'size': 300}
2026-04-15 11:23:59,733 - utils.common_rest - INFO - [API Response] Status: 200
2026-04-15 11:23:59,735 - utils.common_rest - INFO -   - Response Type: Dict
2026-04-15 11:23:59,736 - utils.common_rest - INFO -   - Response Keys: ['items', 'pageIndex', 'size', 'itemCount', 'hasMore']
2026-04-15 11:23:59,737 - utils.common_rest - INFO -   - Response Body (first 1000 chars): {
  "items": [
    {
      "nrn": "nrn:GOV:IAM::7770:SubAccount/fb3bbdf0-41c3-11f0-aba8-005056a73730",
      "platformType": "BOTH",
      "productName": "IAM",
      "productDisplayName": "Sub Account",
      "regionCode": "",
      "regionDisplayName": "Global",
      "resourceType": "SubAccount",
      "resourceId": "fb3bbdf0-41c3-11f0-aba8-005056a73730",
      "resourceName": "clabi",
      "createTime": 1749097044003,
      "eventTime": 1776219745607,
      "tag": [],
      "group": []
    },
    {
      "nrn": "nrn:GOV:IAM::7770:MFA/elfactory_user",
      "platformType": "BOTH",
      "productName": "IAM",
      "productDisplayName": "Sub Account",
      "regionCode": "",
      "regionDisplayName": "Global",
      "resourceType": "MFA",
      "resourceId": "elfactory_user",
      "resourceName": "엘팩토리_관리자",
      "createTime": 1775607971043,
      "eventTime": 1775607970922,
      "tag": [],
      "group": []
    },
    {
      "nrn": "nrn:GOV:Server::7770:ACG/8734",
      "platf...
2026-04-15 14:47:18,900 - __main__ - INFO - ============================================================
2026-04-15 14:47:18,901 - __main__ - INFO - 네이버 클라우드 플랫폼 월간 리포트 생성 프로그램 시작
2026-04-15 14:47:18,901 - __main__ - INFO - ============================================================
2026-04-15 14:47:18,901 - utils.common_rest - INFO - [API Request] POST https://resourcemanager.apigw.gov-ntruss.com/api/v1/resources
2026-04-15 14:47:18,902 - utils.common_rest - INFO -   - Request Body (JSON): {'size': 300}
2026-04-15 14:47:19,465 - utils.common_rest - INFO - [API Response] Status: 200
2026-04-15 14:47:19,465 - utils.common_rest - INFO -   - Response Type: Dict
2026-04-15 14:47:19,466 - utils.common_rest - INFO -   - Response Keys: ['items', 'pageIndex', 'size', 'itemCount', 'hasMore']
2026-04-15 14:47:19,466 - utils.common_rest - INFO -   - Response Body (first 1000 chars): {
  "items": [
    {
      "nrn": "nrn:GOV:IAM::8286:SubAccount/1d538c80-9967-11ee-8428-005056a7e1b2",
      "platformType": "BOTH",
      "productName": "IAM",
      "productDisplayName": "Sub Account",
      "regionCode": "",
      "regionDisplayName": "Global",
      "resourceType": "SubAccount",
      "resourceId": "1d538c80-9967-11ee-8428-005056a7e1b2",
      "resourceName": "clabi",
      "createTime": 1702437865037,
      "eventTime": 1776232009550,
      "tag": [],
      "group": []
    },
    {
      "nrn": "nrn:GOV:Server::8286:ACG/11899",
      "platformType": "Classic",
      "productName": "Server",
      "productDisplayName": "Server",
      "regionCode": "",
      "regionDisplayName": "Global",
      "resourceType": "ACG",
      "resourceId": "11899",
      "resourceName": "ncloud-default-acg",
      "createTime": 1624498543417,
      "eventTime": 1721783367225,
      "tag": [],
      "group": []
    },
    {
      "nrn": "nrn:GOV:IAM::8286:MFA/hsj1223",
      "platformT...
2026-04-15 15:03:49,003 - __main__ - INFO - ============================================================
2026-04-15 15:03:49,004 - __main__ - INFO - 네이버 클라우드 플랫폼 월간 리포트 생성 프로그램 시작
2026-04-15 15:03:49,004 - __main__ - INFO - ============================================================
2026-04-15 15:03:49,005 - utils.common_rest - INFO - [API Request] POST https://resourcemanager.apigw.gov-ntruss.com/api/v1/resources
2026-04-15 15:03:49,005 - utils.common_rest - INFO -   - Request Body (JSON): {'size': 300}
2026-04-15 15:03:49,820 - utils.common_rest - INFO - [API Response] Status: 200
2026-04-15 15:03:49,822 - utils.common_rest - INFO -   - Response Type: Dict
2026-04-15 15:03:49,823 - utils.common_rest - INFO -   - Response Keys: ['items', 'pageIndex', 'size', 'itemCount', 'hasMore']
2026-04-15 15:03:49,824 - utils.common_rest - INFO -   - Response Body (first 1000 chars): {
  "items": [
    {
      "nrn": "nrn:GOV:IAM::8457:SubAccount/e1a6cb00-9da3-11f0-a629-005056a7aca7",
      "platformType": "BOTH",
      "productName": "IAM",
      "productDisplayName": "Sub Account",
      "regionCode": "",
      "regionDisplayName": "Global",
      "resourceType": "SubAccount",
      "resourceId": "e1a6cb00-9da3-11f0-a629-005056a7aca7",
      "resourceName": "clabi",
      "createTime": 1759198764161,
      "eventTime": 1776232985026,
      "tag": [],
      "group": []
    },
    {
      "nrn": "nrn:GOV:Server::8457:ACG/22076",
      "platformType": "Classic",
      "productName": "Server",
      "productDisplayName": "Server",
      "regionCode": "",
      "regionDisplayName": "Global",
      "resourceType": "ACG",
      "resourceId": "22076",
      "resourceName": "co-webwas-vm-acg",
      "createTime": 1709637518195,
      "eventTime": 1775351103889,
      "tag": [],
      "group": []
    },
    {
      "nrn": "nrn:GOV:Server::8457:ACG/15081",
      "platformTy...
2026-04-15 15:43:03,868 - __main__ - INFO - ============================================================
2026-04-15 15:43:03,868 - __main__ - INFO - 네이버 클라우드 플랫폼 월간 리포트 생성 프로그램 시작
2026-04-15 15:43:03,868 - __main__ - INFO - ============================================================
2026-04-15 15:43:03,869 - utils.common_rest - INFO - [API Request] POST https://resourcemanager.apigw.gov-ntruss.com/api/v1/resources
2026-04-15 15:43:03,869 - utils.common_rest - INFO -   - Request Body (JSON): {'size': 1000}
2026-04-15 15:43:04,725 - utils.common_rest - WARNING - Request failed (attempt 1/3): 400 Client Error: Bad Request for url: https://resourcemanager.apigw.gov-ntruss.com/api/v1/resources
2026-04-15 15:43:04,726 - utils.common_rest - INFO - Retrying in 1 seconds...
2026-04-15 15:43:05,790 - utils.common_rest - WARNING - Request failed (attempt 2/3): 400 Client Error: Bad Request for url: https://resourcemanager.apigw.gov-ntruss.com/api/v1/resources
2026-04-15 15:43:05,791 - utils.common_rest - INFO - Retrying in 2 seconds...
2026-04-15 15:43:07,893 - utils.common_rest - ERROR - Request failed after 3 attempts: 400 Client Error: Bad Request for url: https://resourcemanager.apigw.gov-ntruss.com/api/v1/resources
2026-04-15 15:43:15,706 - __main__ - INFO - ============================================================
2026-04-15 15:43:15,706 - __main__ - INFO - 네이버 클라우드 플랫폼 월간 리포트 생성 프로그램 시작
2026-04-15 15:43:15,706 - __main__ - INFO - ============================================================
2026-04-15 15:43:15,707 - utils.common_rest - INFO - [API Request] POST https://resourcemanager.apigw.gov-ntruss.com/api/v1/resources
2026-04-15 15:43:15,707 - utils.common_rest - INFO -   - Request Body (JSON): {'size': 900}
2026-04-15 15:43:16,220 - utils.common_rest - WARNING - Request failed (attempt 1/3): 400 Client Error: Bad Request for url: https://resourcemanager.apigw.gov-ntruss.com/api/v1/resources
2026-04-15 15:43:16,220 - utils.common_rest - INFO - Retrying in 1 seconds...
2026-04-15 15:43:17,259 - utils.common_rest - WARNING - Request failed (attempt 2/3): 400 Client Error: Bad Request for url: https://resourcemanager.apigw.gov-ntruss.com/api/v1/resources
2026-04-15 15:43:17,260 - utils.common_rest - INFO - Retrying in 2 seconds...
2026-04-15 15:43:19,300 - utils.common_rest - ERROR - Request failed after 3 attempts: 400 Client Error: Bad Request for url: https://resourcemanager.apigw.gov-ntruss.com/api/v1/resources
2026-04-15 15:43:23,325 - __main__ - INFO - ============================================================
2026-04-15 15:43:23,325 - __main__ - INFO - 네이버 클라우드 플랫폼 월간 리포트 생성 프로그램 시작
2026-04-15 15:43:23,325 - __main__ - INFO - ============================================================
2026-04-15 15:43:23,326 - utils.common_rest - INFO - [API Request] POST https://resourcemanager.apigw.gov-ntruss.com/api/v1/resources
2026-04-15 15:43:23,326 - utils.common_rest - INFO -   - Request Body (JSON): {'size': 500}
2026-04-15 15:43:23,839 - utils.common_rest - WARNING - Request failed (attempt 1/3): 400 Client Error: Bad Request for url: https://resourcemanager.apigw.gov-ntruss.com/api/v1/resources
2026-04-15 15:43:23,840 - utils.common_rest - INFO - Retrying in 1 seconds...
2026-04-15 15:43:24,923 - utils.common_rest - WARNING - Request failed (attempt 2/3): 400 Client Error: Bad Request for url: https://resourcemanager.apigw.gov-ntruss.com/api/v1/resources
2026-04-15 15:43:24,923 - utils.common_rest - INFO - Retrying in 2 seconds...
2026-04-15 15:43:26,958 - utils.common_rest - ERROR - Request failed after 3 attempts: 400 Client Error: Bad Request for url: https://resourcemanager.apigw.gov-ntruss.com/api/v1/resources
2026-04-15 15:43:30,632 - __main__ - INFO - ============================================================
2026-04-15 15:43:30,632 - __main__ - INFO - 네이버 클라우드 플랫폼 월간 리포트 생성 프로그램 시작
2026-04-15 15:43:30,633 - __main__ - INFO - ============================================================
2026-04-15 15:43:30,633 - utils.common_rest - INFO - [API Request] POST https://resourcemanager.apigw.gov-ntruss.com/api/v1/resources
2026-04-15 15:43:30,633 - utils.common_rest - INFO -   - Request Body (JSON): {'size': 400}
2026-04-15 15:43:31,133 - utils.common_rest - WARNING - Request failed (attempt 1/3): 400 Client Error: Bad Request for url: https://resourcemanager.apigw.gov-ntruss.com/api/v1/resources
2026-04-15 15:43:31,133 - utils.common_rest - INFO - Retrying in 1 seconds...
2026-04-15 15:43:32,206 - utils.common_rest - WARNING - Request failed (attempt 2/3): 400 Client Error: Bad Request for url: https://resourcemanager.apigw.gov-ntruss.com/api/v1/resources
2026-04-15 15:43:32,207 - utils.common_rest - INFO - Retrying in 2 seconds...
2026-04-15 15:43:34,397 - utils.common_rest - ERROR - Request failed after 3 attempts: 400 Client Error: Bad Request for url: https://resourcemanager.apigw.gov-ntruss.com/api/v1/resources
2026-04-15 15:43:39,120 - __main__ - INFO - ============================================================
2026-04-15 15:43:39,120 - __main__ - INFO - 네이버 클라우드 플랫폼 월간 리포트 생성 프로그램 시작
2026-04-15 15:43:39,120 - __main__ - INFO - ============================================================
2026-04-15 15:43:39,121 - utils.common_rest - INFO - [API Request] POST https://resourcemanager.apigw.gov-ntruss.com/api/v1/resources
2026-04-15 15:43:39,121 - utils.common_rest - INFO -   - Request Body (JSON): {'size': 350}
2026-04-15 15:43:39,624 - utils.common_rest - WARNING - Request failed (attempt 1/3): 400 Client Error: Bad Request for url: https://resourcemanager.apigw.gov-ntruss.com/api/v1/resources
2026-04-15 15:43:39,625 - utils.common_rest - INFO - Retrying in 1 seconds...
2026-04-15 15:43:40,665 - utils.common_rest - WARNING - Request failed (attempt 2/3): 400 Client Error: Bad Request for url: https://resourcemanager.apigw.gov-ntruss.com/api/v1/resources
2026-04-15 15:43:40,665 - utils.common_rest - INFO - Retrying in 2 seconds...
2026-04-15 15:43:42,716 - utils.common_rest - ERROR - Request failed after 3 attempts: 400 Client Error: Bad Request for url: https://resourcemanager.apigw.gov-ntruss.com/api/v1/resources
2026-04-15 15:43:45,495 - __main__ - INFO - ============================================================
2026-04-15 15:43:45,496 - __main__ - INFO - 네이버 클라우드 플랫폼 월간 리포트 생성 프로그램 시작
2026-04-15 15:43:45,496 - __main__ - INFO - ============================================================
2026-04-15 15:43:45,496 - utils.common_rest - INFO - [API Request] POST https://resourcemanager.apigw.gov-ntruss.com/api/v1/resources
2026-04-15 15:43:45,497 - utils.common_rest - INFO -   - Request Body (JSON): {'size': 300}
2026-04-15 15:43:46,361 - utils.common_rest - INFO - [API Response] Status: 200
2026-04-15 15:43:46,362 - utils.common_rest - INFO -   - Response Type: Dict
2026-04-15 15:43:46,362 - utils.common_rest - INFO -   - Response Keys: ['items', 'pageIndex', 'size', 'itemCount', 'hasMore']
2026-04-15 15:43:46,363 - utils.common_rest - INFO -   - Response Body (first 1000 chars): {
  "items": [
    {
      "nrn": "nrn:GOV:IAM::8457:SubAccount/e1a6cb00-9da3-11f0-a629-005056a7aca7",
      "platformType": "BOTH",
      "productName": "IAM",
      "productDisplayName": "Sub Account",
      "regionCode": "",
      "regionDisplayName": "Global",
      "resourceType": "SubAccount",
      "resourceId": "e1a6cb00-9da3-11f0-a629-005056a7aca7",
      "resourceName": "clabi",
      "createTime": 1759198764161,
      "eventTime": 1776232985026,
      "tag": [],
      "group": []
    },
    {
      "nrn": "nrn:GOV:Server::8457:ACG/22076",
      "platformType": "Classic",
      "productName": "Server",
      "productDisplayName": "Server",
      "regionCode": "",
      "regionDisplayName": "Global",
      "resourceType": "ACG",
      "resourceId": "22076",
      "resourceName": "co-webwas-vm-acg",
      "createTime": 1709637518195,
      "eventTime": 1775351103889,
      "tag": [],
      "group": []
    },
    {
      "nrn": "nrn:GOV:Server::8457:ACG/15081",
      "platformTy...
2026-04-15 15:48:49,217 - __main__ - INFO - ============================================================
2026-04-15 15:48:49,217 - __main__ - INFO - 네이버 클라우드 플랫폼 월간 리포트 생성 프로그램 시작
2026-04-15 15:48:49,217 - __main__ - INFO - ============================================================
2026-04-15 15:48:49,218 - utils.common_rest - INFO - [API Request] POST https://resourcemanager.apigw.gov-ntruss.com/api/v1/resources
2026-04-15 15:48:49,218 - utils.common_rest - INFO -   - Request Body (JSON): {'size': 300}
2026-04-15 15:48:49,883 - utils.common_rest - INFO - [API Response] Status: 200
2026-04-15 15:48:49,884 - utils.common_rest - INFO -   - Response Type: Dict
2026-04-15 15:48:49,885 - utils.common_rest - INFO -   - Response Keys: ['items', 'pageIndex', 'size', 'itemCount', 'hasMore']
2026-04-15 15:48:49,886 - utils.common_rest - INFO -   - Response Body (first 1000 chars): {
  "items": [
    {
      "nrn": "nrn:GOV:IAM::8506:SubAccount/8b189370-981a-11ef-8ac3-005056a73730",
      "platformType": "BOTH",
      "productName": "IAM",
      "productDisplayName": "Sub Account",
      "regionCode": "",
      "regionDisplayName": "Global",
      "resourceType": "SubAccount",
      "resourceId": "8b189370-981a-11ef-8ac3-005056a73730",
      "resourceName": "clabi",
      "createTime": 1730442524362,
      "eventTime": 1776235662185,
      "tag": [],
      "group": []
    },
    {
      "nrn": "nrn:GOV:LoadBalancer:KR:8506:Instance/689429",
      "platformType": "Classic",
      "productName": "LoadBalancer",
      "productDisplayName": "Load Balancer",
      "regionCode": "KR",
      "regionDisplayName": "KR",
      "resourceType": "Instance",
      "resourceId": "689429",
      "resourceName": "insiseol-lb-reserve",
      "createTime": 1635320162255,
      "eventTime": 1772687886000,
      "tag": [],
      "group": []
    },
    {
      "nrn": "nrn:GOV:LoadBala...
2026-04-15 16:29:09,342 - __main__ - INFO - ============================================================
2026-04-15 16:29:09,342 - __main__ - INFO - 네이버 클라우드 플랫폼 월간 리포트 생성 프로그램 시작
2026-04-15 16:29:09,342 - __main__ - INFO - ============================================================
2026-04-15 16:29:09,343 - utils.common_rest - INFO - [API Request] POST https://resourcemanager.apigw.gov-ntruss.com/api/v1/resources
2026-04-15 16:29:09,343 - utils.common_rest - INFO -   - Request Body (JSON): {'size': 300}
2026-04-15 16:29:10,123 - utils.common_rest - INFO - [API Response] Status: 200
2026-04-15 16:29:10,124 - utils.common_rest - INFO -   - Response Type: Dict
2026-04-15 16:29:10,124 - utils.common_rest - INFO -   - Response Keys: ['items', 'pageIndex', 'size', 'itemCount', 'hasMore']
2026-04-15 16:29:10,125 - utils.common_rest - INFO -   - Response Body (first 1000 chars): {
  "items": [
    {
      "nrn": "nrn:GOV:IAM::8506:SubAccount/8b189370-981a-11ef-8ac3-005056a73730",
      "platformType": "BOTH",
      "productName": "IAM",
      "productDisplayName": "Sub Account",
      "regionCode": "",
      "regionDisplayName": "Global",
      "resourceType": "SubAccount",
      "resourceId": "8b189370-981a-11ef-8ac3-005056a73730",
      "resourceName": "clabi",
      "createTime": 1730442524362,
      "eventTime": 1776235662185,
      "tag": [],
      "group": []
    },
    {
      "nrn": "nrn:GOV:LoadBalancer:KR:8506:Instance/689429",
      "platformType": "Classic",
      "productName": "LoadBalancer",
      "productDisplayName": "Load Balancer",
      "regionCode": "KR",
      "regionDisplayName": "KR",
      "resourceType": "Instance",
      "resourceId": "689429",
      "resourceName": "insiseol-lb-reserve",
      "createTime": 1635320162255,
      "eventTime": 1772687886000,
      "tag": [],
      "group": []
    },
    {
      "nrn": "nrn:GOV:LoadBala...
2026-04-15 16:29:17,248 - __main__ - INFO - ============================================================
2026-04-15 16:29:17,249 - __main__ - INFO - 네이버 클라우드 플랫폼 월간 리포트 생성 프로그램 시작
2026-04-15 16:29:17,249 - __main__ - INFO - ============================================================
2026-04-15 16:29:17,249 - utils.common_rest - INFO - [API Request] POST https://resourcemanager.apigw.gov-ntruss.com/api/v1/resources
2026-04-15 16:29:17,250 - utils.common_rest - INFO -   - Request Body (JSON): {'size': 300}
2026-04-15 16:29:18,249 - utils.common_rest - INFO - [API Response] Status: 200
2026-04-15 16:29:18,251 - utils.common_rest - INFO -   - Response Type: Dict
2026-04-15 16:29:18,252 - utils.common_rest - INFO -   - Response Keys: ['items', 'pageIndex', 'size', 'itemCount', 'hasMore']
2026-04-15 16:29:18,253 - utils.common_rest - INFO -   - Response Body (first 1000 chars): {
  "items": [
    {
      "nrn": "nrn:GOV:CloudInsight::8595:RuleTemplate/890933935069466624",
      "platformType": "BOTH",
      "productName": "CloudInsight",
      "productDisplayName": "Cloud Insight (Monitoring)",
      "regionCode": "",
      "regionDisplayName": "Global",
      "resourceType": "RuleTemplate",
      "resourceId": "890933935069466624",
      "resourceName": "Classic 모니터링 ",
      "createTime": 1692581668582,
      "eventTime": 1776151437660,
      "tag": [],
      "group": []
    },
    {
      "nrn": "nrn:GOV:CloudInsight::8595:TargetGroup/1072557539686092800",
      "platformType": "BOTH",
      "productName": "CloudInsight",
      "productDisplayName": "Cloud Insight (Monitoring)",
      "regionCode": "",
      "regionDisplayName": "Global",
      "resourceType": "TargetGroup",
      "resourceId": "1072557539686092800",
      "resourceName": "전체서버",
      "createTime": 1735884110358,
      "eventTime": 1776151357449,
      "tag": [],
      "group": []
    },
...
2026-04-15 17:18:36,975 - __main__ - INFO - ============================================================
2026-04-15 17:18:36,976 - __main__ - INFO - 네이버 클라우드 플랫폼 월간 리포트 생성 프로그램 시작
2026-04-15 17:18:36,976 - __main__ - INFO - ============================================================
2026-04-15 17:18:36,977 - utils.common_rest - INFO - [API Request] POST https://resourcemanager.apigw.gov-ntruss.com/api/v1/resources
2026-04-15 17:18:36,977 - utils.common_rest - INFO -   - Request Body (JSON): {'size': 300}
2026-04-15 17:18:37,943 - utils.common_rest - INFO - [API Response] Status: 200
2026-04-15 17:18:37,944 - utils.common_rest - INFO -   - Response Type: Dict
2026-04-15 17:18:37,945 - utils.common_rest - INFO -   - Response Keys: ['items', 'pageIndex', 'size', 'itemCount', 'hasMore']
2026-04-15 17:18:37,946 - utils.common_rest - INFO -   - Response Body (first 1000 chars): {
  "items": [
    {
      "nrn": "nrn:GOV:IAM::9041:SubAccount/1c883050-9a94-11f0-a9af-005056a73730",
      "platformType": "BOTH",
      "productName": "IAM",
      "productDisplayName": "Sub Account",
      "regionCode": "",
      "regionDisplayName": "Global",
      "resourceType": "SubAccount",
      "resourceId": "1c883050-9a94-11f0-a9af-005056a73730",
      "resourceName": "clabi",
      "createTime": 1758862137471,
      "eventTime": 1776241067815,
      "tag": [],
      "group": []
    },
    {
      "nrn": "nrn:GOV:VPCSSLVPN:KR:9041:SSLVPNUser/130222",
      "platformType": "VPC",
      "productName": "VPCSSLVPN",
      "productDisplayName": "SSL VPN",
      "regionCode": "KR",
      "regionDisplayName": "KR",
      "resourceType": "SSLVPNUser",
      "resourceId": "130222",
      "resourceName": "hp_leeshan2004",
      "createTime": 1776147820225,
      "eventTime": 1776147820225,
      "tag": [],
      "group": []
    },
    {
      "nrn": "nrn:GOV:VPCSSLVPN:KR:9041:SSLVPNU...
2026-04-15 17:41:35,898 - __main__ - INFO - ============================================================
2026-04-15 17:41:35,898 - __main__ - INFO - 네이버 클라우드 플랫폼 월간 리포트 생성 프로그램 시작
2026-04-15 17:41:35,898 - __main__ - INFO - ============================================================
2026-04-15 17:41:35,899 - utils.common_rest - INFO - [API Request] POST https://resourcemanager.apigw.gov-ntruss.com/api/v1/resources
2026-04-15 17:41:35,899 - utils.common_rest - INFO -   - Request Body (JSON): {'size': 300}
2026-04-15 17:41:36,789 - utils.common_rest - INFO - [API Response] Status: 200
2026-04-15 17:41:36,790 - utils.common_rest - INFO -   - Response Type: Dict
2026-04-15 17:41:36,790 - utils.common_rest - INFO -   - Response Keys: ['items', 'pageIndex', 'size', 'itemCount', 'hasMore']
2026-04-15 17:41:36,791 - utils.common_rest - INFO -   - Response Body (first 1000 chars): {
  "items": [
    {
      "nrn": "nrn:GOV:IAM::9041:SubAccount/1c883050-9a94-11f0-a9af-005056a73730",
      "platformType": "BOTH",
      "productName": "IAM",
      "productDisplayName": "Sub Account",
      "regionCode": "",
      "regionDisplayName": "Global",
      "resourceType": "SubAccount",
      "resourceId": "1c883050-9a94-11f0-a9af-005056a73730",
      "resourceName": "clabi",
      "createTime": 1758862137471,
      "eventTime": 1776241067815,
      "tag": [],
      "group": []
    },
    {
      "nrn": "nrn:GOV:VPCSSLVPN:KR:9041:SSLVPNUser/130222",
      "platformType": "VPC",
      "productName": "VPCSSLVPN",
      "productDisplayName": "SSL VPN",
      "regionCode": "KR",
      "regionDisplayName": "KR",
      "resourceType": "SSLVPNUser",
      "resourceId": "130222",
      "resourceName": "hp_leeshan2004",
      "createTime": 1776147820225,
      "eventTime": 1776147820225,
      "tag": [],
      "group": []
    },
    {
      "nrn": "nrn:GOV:VPCSSLVPN:KR:9041:SSLVPNU...
2026-04-15 17:42:12,357 - __main__ - INFO - ============================================================
2026-04-15 17:42:12,357 - __main__ - INFO - 네이버 클라우드 플랫폼 월간 리포트 생성 프로그램 시작
2026-04-15 17:42:12,358 - __main__ - INFO - ============================================================
2026-04-15 17:42:12,359 - utils.common_rest - INFO - [API Request] POST https://resourcemanager.apigw.gov-ntruss.com/api/v1/resources
2026-04-15 17:42:12,359 - utils.common_rest - INFO -   - Request Body (JSON): {'size': 300}
2026-04-15 17:42:12,899 - utils.common_rest - INFO - [API Response] Status: 200
2026-04-15 17:42:12,900 - utils.common_rest - INFO -   - Response Type: Dict
2026-04-15 17:42:12,900 - utils.common_rest - INFO -   - Response Keys: ['items', 'pageIndex', 'size', 'itemCount', 'hasMore']
2026-04-15 17:42:12,902 - utils.common_rest - INFO -   - Response Body (first 1000 chars): {
  "items": [
    {
      "nrn": "nrn:GOV:IAM::9202:SubAccount/828b60d0-ea8f-11ef-b309-005056a73730",
      "platformType": "BOTH",
      "productName": "IAM",
      "productDisplayName": "Sub Account",
      "regionCode": "",
      "regionDisplayName": "Global",
      "resourceType": "SubAccount",
      "resourceId": "828b60d0-ea8f-11ef-b309-005056a73730",
      "resourceName": "clabi",
      "createTime": 1739508756548,
      "eventTime": 1776242428653,
      "tag": [],
      "group": []
    },
    {
      "nrn": "nrn:GOV:GlobalTrafficManager::9202:Policy/1266",
      "platformType": "BOTH",
      "productName": "GlobalTrafficManager",
      "productDisplayName": "Global Traffic Manager",
      "regionCode": "",
      "regionDisplayName": "Global",
      "resourceType": "Policy",
      "resourceId": "1266",
      "resourceName": "ssb-test",
      "createTime": 1738738429095,
      "eventTime": 1776193200597,
      "tag": [],
      "group": []
    },
    {
      "nrn": "nrn:GOV:Globa...
2026-04-17 11:05:12,978 - __main__ - INFO - ============================================================
2026-04-17 11:05:12,979 - __main__ - INFO - 네이버 클라우드 플랫폼 월간 리포트 생성 프로그램 시작
2026-04-17 11:05:12,979 - __main__ - INFO - ============================================================
2026-04-17 11:05:12,980 - utils.common_rest - INFO - [API Request] POST https://resourcemanager.apigw.gov-ntruss.com/api/v1/resources
2026-04-17 11:05:12,980 - utils.common_rest - INFO -   - Request Body (JSON): {'size': 300}
2026-04-17 11:05:13,636 - utils.common_rest - INFO - [API Response] Status: 200
2026-04-17 11:05:13,638 - utils.common_rest - INFO -   - Response Type: Dict
2026-04-17 11:05:13,638 - utils.common_rest - INFO -   - Response Keys: ['items', 'pageIndex', 'size', 'itemCount', 'hasMore']
2026-04-17 11:05:13,639 - utils.common_rest - INFO -   - Response Body (first 1000 chars): {
  "items": [
    {
      "nrn": "nrn:GOV:IAM::9036:SubAccount/91ed38d0-f0af-11ee-b57b-005056a7aca7",
      "platformType": "BOTH",
      "productName": "IAM",
      "productDisplayName": "Sub Account",
      "regionCode": "",
      "regionDisplayName": "Global",
      "resourceType": "SubAccount",
      "resourceId": "91ed38d0-f0af-11ee-b57b-005056a7aca7",
      "resourceName": "clabi",
      "createTime": 1712034735637,
      "eventTime": 1776239077000,
      "tag": [],
      "group": []
    },
    {
      "nrn": "nrn:GOV:VPCServer::9036:LoginKey/static",
      "platformType": "VPC",
      "productName": "VPCServer",
      "productDisplayName": "Server",
      "regionCode": "",
      "regionDisplayName": "Global",
      "resourceType": "LoginKey",
      "resourceId": "static",
      "resourceName": "static",
      "eventTime": 1717575555177,
      "tag": [],
      "group": []
    },
    {
      "nrn": "nrn:GOV:Server::9036:ACG/17090",
      "platformType": "Classic",
      "productN...
2026-04-17 11:14:12,325 - __main__ - INFO - ============================================================
2026-04-17 11:14:12,326 - __main__ - INFO - 네이버 클라우드 플랫폼 월간 리포트 생성 프로그램 시작
2026-04-17 11:14:12,326 - __main__ - INFO - ============================================================
2026-04-17 11:14:12,327 - utils.common_rest - INFO - [API Request] POST https://resourcemanager.apigw.gov-ntruss.com/api/v1/resources
2026-04-17 11:14:12,327 - utils.common_rest - INFO -   - Request Body (JSON): {'size': 300}
2026-04-17 11:14:13,376 - utils.common_rest - INFO - [API Response] Status: 200
2026-04-17 11:14:13,379 - utils.common_rest - INFO -   - Response Type: Dict
2026-04-17 11:14:13,379 - utils.common_rest - INFO -   - Response Keys: ['items', 'pageIndex', 'size', 'itemCount', 'hasMore']
2026-04-17 11:14:13,381 - utils.common_rest - INFO -   - Response Body (first 1000 chars): {
  "items": [
    {
      "nrn": "nrn:GOV:CloudInsight::8595:RuleTemplate/890933935069466624",
      "platformType": "BOTH",
      "productName": "CloudInsight",
      "productDisplayName": "Cloud Insight (Monitoring)",
      "regionCode": "",
      "regionDisplayName": "Global",
      "resourceType": "RuleTemplate",
      "resourceId": "890933935069466624",
      "resourceName": "Classic 모니터링 ",
      "createTime": 1692581668582,
      "eventTime": 1776151437660,
      "tag": [],
      "group": []
    },
    {
      "nrn": "nrn:GOV:CloudInsight::8595:TargetGroup/1072557539686092800",
      "platformType": "BOTH",
      "productName": "CloudInsight",
      "productDisplayName": "Cloud Insight (Monitoring)",
      "regionCode": "",
      "regionDisplayName": "Global",
      "resourceType": "TargetGroup",
      "resourceId": "1072557539686092800",
      "resourceName": "전체서버",
      "createTime": 1735884110358,
      "eventTime": 1776151357449,
      "tag": [],
      "group": []
    },
...
2026-04-17 11:30:13,498 - __main__ - INFO - ============================================================
2026-04-17 11:30:13,499 - __main__ - INFO - 네이버 클라우드 플랫폼 월간 리포트 생성 프로그램 시작
2026-04-17 11:30:13,499 - __main__ - INFO - ============================================================
2026-04-17 11:30:13,500 - utils.common_rest - INFO - [API Request] POST https://resourcemanager.apigw.gov-ntruss.com/api/v1/resources
2026-04-17 11:30:13,500 - utils.common_rest - INFO -   - Request Body (JSON): {'size': 300}
2026-04-17 11:30:14,150 - utils.common_rest - INFO - [API Response] Status: 200
2026-04-17 11:30:14,151 - utils.common_rest - INFO -   - Response Type: Dict
2026-04-17 11:30:14,152 - utils.common_rest - INFO -   - Response Keys: ['items', 'pageIndex', 'size', 'itemCount', 'hasMore']
2026-04-17 11:30:14,152 - utils.common_rest - INFO -   - Response Body (first 1000 chars): {
  "items": [
    {
      "nrn": "nrn:GOV:IAM::9220:SubAccount/eb0e8810-f088-11ed-8d3f-005056a7e1b2",
      "platformType": "BOTH",
      "productName": "IAM",
      "productDisplayName": "Sub Account",
      "regionCode": "",
      "regionDisplayName": "Global",
      "resourceType": "SubAccount",
      "resourceId": "eb0e8810-f088-11ed-8d3f-005056a7e1b2",
      "resourceName": "clabi",
      "createTime": 1683870637099,
      "eventTime": 1776392971241,
      "tag": [],
      "group": []
    },
    {
      "nrn": "nrn:GOV:IAM::9220:MFA/clabi",
      "platformType": "BOTH",
      "productName": "IAM",
      "productDisplayName": "Sub Account",
      "regionCode": "",
      "regionDisplayName": "Global",
      "resourceType": "MFA",
      "resourceId": "clabi",
      "resourceName": "클라비",
      "createTime": 1776392929988,
      "eventTime": 1776392929867,
      "tag": [],
      "group": []
    },
    {
      "nrn": "nrn:GOV:NotificationRecipient::9220:Recipient/4084",
      "platfor...
2026-04-17 13:01:30,085 - __main__ - INFO - ============================================================
2026-04-17 13:01:30,085 - __main__ - INFO - 네이버 클라우드 플랫폼 월간 리포트 생성 프로그램 시작
2026-04-17 13:01:30,086 - __main__ - INFO - ============================================================
2026-04-17 13:01:30,086 - utils.common_rest - INFO - [API Request] POST https://resourcemanager.apigw.gov-ntruss.com/api/v1/resources
2026-04-17 13:01:30,086 - utils.common_rest - INFO -   - Request Body (JSON): {'size': 300}
2026-04-17 13:01:30,639 - utils.common_rest - INFO - [API Response] Status: 200
2026-04-17 13:01:30,639 - utils.common_rest - INFO -   - Response Type: Dict
2026-04-17 13:01:30,640 - utils.common_rest - INFO -   - Response Keys: ['items', 'pageIndex', 'size', 'itemCount', 'hasMore']
2026-04-17 13:01:30,640 - utils.common_rest - INFO -   - Response Body (first 1000 chars): {
  "items": [
    {
      "nrn": "nrn:GOV:NotificationRecipient::9227:Recipient/4098",
      "platformType": "BOTH",
      "productName": "NotificationRecipient",
      "productDisplayName": "Notification Recipient",
      "regionCode": "",
      "regionDisplayName": "Global",
      "resourceType": "Recipient",
      "resourceId": "4098",
      "resourceName": "TSEREN OCHIR ERDENESUKH",
      "eventTime": 1708600033927,
      "tag": [],
      "group": []
    },
    {
      "nrn": "nrn:GOV:IAM::9227:MFA/ch.lee",
      "platformType": "BOTH",
      "productName": "IAM",
      "productDisplayName": "Sub Account",
      "regionCode": "",
      "regionDisplayName": "Global",
      "resourceType": "MFA",
      "resourceId": "ch.lee",
      "resourceName": "이종훈",
      "createTime": 1669275425917,
      "eventTime": 1708064248376,
      "tag": [],
      "group": []
    },
    {
      "nrn": "nrn:GOV:IAM::9227:MFA/erunsee",
      "platformType": "BOTH",
      "productName": "IAM",
      "prod...
2026-04-17 13:09:01,663 - __main__ - INFO - ============================================================
2026-04-17 13:09:01,663 - __main__ - INFO - 네이버 클라우드 플랫폼 월간 리포트 생성 프로그램 시작
2026-04-17 13:09:01,664 - __main__ - INFO - ============================================================
2026-04-17 13:09:01,665 - utils.common_rest - INFO - [API Request] POST https://resourcemanager.apigw.gov-ntruss.com/api/v1/resources
2026-04-17 13:09:01,665 - utils.common_rest - INFO -   - Request Body (JSON): {'size': 300}
2026-04-17 13:09:02,885 - utils.common_rest - INFO - [API Response] Status: 200
2026-04-17 13:09:02,886 - utils.common_rest - INFO -   - Response Type: Dict
2026-04-17 13:09:02,887 - utils.common_rest - INFO -   - Response Keys: ['items', 'pageIndex', 'size', 'itemCount', 'hasMore']
2026-04-17 13:09:02,888 - utils.common_rest - INFO -   - Response Body (first 1000 chars): {
  "items": [
    {
      "nrn": "nrn:GOV:VPCBackup:KR:9248:Resource/101984789",
      "platformType": "VPC",
      "productName": "VPCBackup",
      "productDisplayName": "Backup",
      "regionCode": "KR",
      "regionDisplayName": "KR",
      "resourceType": "Resource",
      "resourceId": "101984789",
      "resourceName": "back-fa-was-2",
      "createTime": 1753149779180,
      "eventTime": 1776047548682,
      "tag": [],
      "group": []
    },
    {
      "nrn": "nrn:GOV:VPCNAS:KR:9248:Volume/1524775",
      "platformType": "VPC",
      "productName": "VPCNAS",
      "productDisplayName": "NAS",
      "regionCode": "KR",
      "regionDisplayName": "KR",
      "resourceType": "Volume",
      "resourceId": "1524775",
      "resourceName": "n009248_imsi2",
      "createTime": 1678861412192,
      "eventTime": 1775795469073,
      "tag": [],
      "group": []
    },
    {
      "nrn": "nrn:GOV:CDNplus:KR:9248:Service/3768126",
      "platformType": "BOTH",
      "productName": "...
2026-04-17 13:09:35,248 - __main__ - INFO - ============================================================
2026-04-17 13:09:35,248 - __main__ - INFO - 네이버 클라우드 플랫폼 월간 리포트 생성 프로그램 시작
2026-04-17 13:09:35,249 - __main__ - INFO - ============================================================
2026-04-17 13:09:35,250 - utils.common_rest - INFO - [API Request] POST https://resourcemanager.apigw.gov-ntruss.com/api/v1/resources
2026-04-17 13:09:35,250 - utils.common_rest - INFO -   - Request Body (JSON): {'size': 300}
2026-04-17 13:09:36,329 - utils.common_rest - INFO - [API Response] Status: 200
2026-04-17 13:09:36,331 - utils.common_rest - INFO -   - Response Type: Dict
2026-04-17 13:09:36,331 - utils.common_rest - INFO -   - Response Keys: ['items', 'pageIndex', 'size', 'itemCount', 'hasMore']
2026-04-17 13:09:36,332 - utils.common_rest - INFO -   - Response Body (first 1000 chars): {
  "items": [
    {
      "nrn": "nrn:GOV:VPCBackup:KR:9248:Resource/101984789",
      "platformType": "VPC",
      "productName": "VPCBackup",
      "productDisplayName": "Backup",
      "regionCode": "KR",
      "regionDisplayName": "KR",
      "resourceType": "Resource",
      "resourceId": "101984789",
      "resourceName": "back-fa-was-2",
      "createTime": 1753149779180,
      "eventTime": 1776047548682,
      "tag": [],
      "group": []
    },
    {
      "nrn": "nrn:GOV:VPCNAS:KR:9248:Volume/1524775",
      "platformType": "VPC",
      "productName": "VPCNAS",
      "productDisplayName": "NAS",
      "regionCode": "KR",
      "regionDisplayName": "KR",
      "resourceType": "Volume",
      "resourceId": "1524775",
      "resourceName": "n009248_imsi2",
      "createTime": 1678861412192,
      "eventTime": 1775795469073,
      "tag": [],
      "group": []
    },
    {
      "nrn": "nrn:GOV:CDNplus:KR:9248:Service/3768126",
      "platformType": "BOTH",
      "productName": "...
2026-04-17 13:18:59,642 - __main__ - INFO - ============================================================
2026-04-17 13:18:59,642 - __main__ - INFO - 네이버 클라우드 플랫폼 월간 리포트 생성 프로그램 시작
2026-04-17 13:18:59,642 - __main__ - INFO - ============================================================
2026-04-17 13:18:59,642 - utils.common_rest - INFO - [API Request] POST https://resourcemanager.apigw.gov-ntruss.com/api/v1/resources
2026-04-17 13:18:59,642 - utils.common_rest - INFO -   - Request Body (JSON): {'size': 300}
2026-04-17 13:19:00,665 - utils.common_rest - INFO - [API Response] Status: 200
2026-04-17 13:19:00,667 - utils.common_rest - INFO -   - Response Type: Dict
2026-04-17 13:19:00,667 - utils.common_rest - INFO -   - Response Keys: ['items', 'pageIndex', 'size', 'itemCount', 'hasMore']
2026-04-17 13:19:00,668 - utils.common_rest - INFO -   - Response Body (first 1000 chars): {
  "items": [
    {
      "nrn": "nrn:GOV:VPCBackup:KR:9248:Resource/101984789",
      "platformType": "VPC",
      "productName": "VPCBackup",
      "productDisplayName": "Backup",
      "regionCode": "KR",
      "regionDisplayName": "KR",
      "resourceType": "Resource",
      "resourceId": "101984789",
      "resourceName": "back-fa-was-2",
      "createTime": 1753149779180,
      "eventTime": 1776047548682,
      "tag": [],
      "group": []
    },
    {
      "nrn": "nrn:GOV:VPCNAS:KR:9248:Volume/1524775",
      "platformType": "VPC",
      "productName": "VPCNAS",
      "productDisplayName": "NAS",
      "regionCode": "KR",
      "regionDisplayName": "KR",
      "resourceType": "Volume",
      "resourceId": "1524775",
      "resourceName": "n009248_imsi2",
      "createTime": 1678861412192,
      "eventTime": 1775795469073,
      "tag": [],
      "group": []
    },
    {
      "nrn": "nrn:GOV:CDNplus:KR:9248:Service/3768126",
      "platformType": "BOTH",
      "productName": "...
2026-04-17 13:19:30,352 - __main__ - INFO - ============================================================
2026-04-17 13:19:30,352 - __main__ - INFO - 네이버 클라우드 플랫폼 월간 리포트 생성 프로그램 시작
2026-04-17 13:19:30,352 - __main__ - INFO - ============================================================
2026-04-17 13:19:30,353 - utils.common_rest - INFO - [API Request] POST https://resourcemanager.apigw.gov-ntruss.com/api/v1/resources
2026-04-17 13:19:30,353 - utils.common_rest - INFO -   - Request Body (JSON): {'size': 300}
2026-04-17 13:19:31,359 - utils.common_rest - INFO - [API Response] Status: 200
2026-04-17 13:19:31,361 - utils.common_rest - INFO -   - Response Type: Dict
2026-04-17 13:19:31,362 - utils.common_rest - INFO -   - Response Keys: ['items', 'pageIndex', 'size', 'itemCount', 'hasMore']
2026-04-17 13:19:31,363 - utils.common_rest - INFO -   - Response Body (first 1000 chars): {
  "items": [
    {
      "nrn": "nrn:GOV:VPCBackup:KR:9248:Resource/101984789",
      "platformType": "VPC",
      "productName": "VPCBackup",
      "productDisplayName": "Backup",
      "regionCode": "KR",
      "regionDisplayName": "KR",
      "resourceType": "Resource",
      "resourceId": "101984789",
      "resourceName": "back-fa-was-2",
      "createTime": 1753149779180,
      "eventTime": 1776047548682,
      "tag": [],
      "group": []
    },
    {
      "nrn": "nrn:GOV:VPCNAS:KR:9248:Volume/1524775",
      "platformType": "VPC",
      "productName": "VPCNAS",
      "productDisplayName": "NAS",
      "regionCode": "KR",
      "regionDisplayName": "KR",
      "resourceType": "Volume",
      "resourceId": "1524775",
      "resourceName": "n009248_imsi2",
      "createTime": 1678861412192,
      "eventTime": 1775795469073,
      "tag": [],
      "group": []
    },
    {
      "nrn": "nrn:GOV:CDNplus:KR:9248:Service/3768126",
      "platformType": "BOTH",
      "productName": "...
2026-04-17 13:21:49,020 - __main__ - INFO - ============================================================
2026-04-17 13:21:49,020 - __main__ - INFO - 네이버 클라우드 플랫폼 월간 리포트 생성 프로그램 시작
2026-04-17 13:21:49,021 - __main__ - INFO - ============================================================
2026-04-17 13:21:49,021 - utils.common_rest - INFO - [API Request] POST https://resourcemanager.apigw.gov-ntruss.com/api/v1/resources
2026-04-17 13:21:49,022 - utils.common_rest - INFO -   - Request Body (JSON): {'page': 1, 'size': 300}
2026-04-17 13:21:50,062 - utils.common_rest - INFO - [API Response] Status: 200
2026-04-17 13:21:50,064 - utils.common_rest - INFO -   - Response Type: Dict
2026-04-17 13:21:50,064 - utils.common_rest - INFO -   - Response Keys: ['items', 'page', 'size', 'itemCount', 'hasMore']
2026-04-17 13:21:50,065 - utils.common_rest - INFO -   - Response Body (first 1000 chars): {
  "items": [
    {
      "nrn": "nrn:GOV:SourceCommit:KR:9248:Repository/803",
      "platformType": "BOTH",
      "productName": "SourceCommit",
      "productDisplayName": "SourceCommit",
      "regionCode": "KR",
      "regionDisplayName": "KR",
      "resourceType": "Repository",
      "resourceId": "803",
      "resourceName": "newtba",
      "createTime": 1669619274000,
      "eventTime": 1766050020000,
      "tag": [],
      "group": []
    },
    {
      "nrn": "nrn:GOV:SourceCommit:KR:9248:Repository/804",
      "platformType": "BOTH",
      "productName": "SourceCommit",
      "productDisplayName": "SourceCommit",
      "regionCode": "KR",
      "regionDisplayName": "KR",
      "resourceType": "Repository",
      "resourceId": "804",
      "resourceName": "newtbe",
      "createTime": 1669619317000,
      "eventTime": 1766050020000,
      "tag": [],
      "group": []
    },
    {
      "nrn": "nrn:GOV:SourceCommit:KR:9248:Repository/805",
      "platformType": "BOTH",
     ...
2026-04-17 13:23:05,347 - __main__ - INFO - ============================================================
2026-04-17 13:23:05,347 - __main__ - INFO - 네이버 클라우드 플랫폼 월간 리포트 생성 프로그램 시작
2026-04-17 13:23:05,348 - __main__ - INFO - ============================================================
2026-04-17 13:23:05,349 - utils.common_rest - INFO - [API Request] POST https://resourcemanager.apigw.gov-ntruss.com/api/v1/resources
2026-04-17 13:23:05,349 - utils.common_rest - INFO -   - Request Body (JSON): {'page': 2, 'size': 300}
2026-04-17 13:23:06,423 - utils.common_rest - INFO - [API Response] Status: 200
2026-04-17 13:23:06,425 - utils.common_rest - INFO -   - Response Type: Dict
2026-04-17 13:23:06,426 - utils.common_rest - INFO -   - Response Keys: ['items', 'page', 'size', 'itemCount', 'hasMore']
2026-04-17 13:23:06,427 - utils.common_rest - INFO -   - Response Body (first 1000 chars): {
  "items": [
    {
      "nrn": "nrn:GOV:VPCLoadBalancer:KR:9248:Listener/245058",
      "platformType": "VPC",
      "productName": "VPCLoadBalancer",
      "productDisplayName": "Load Balancer",
      "regionCode": "KR",
      "regionDisplayName": "KR",
      "resourceType": "Listener",
      "resourceId": "245058",
      "resourceName": "Listener",
      "createTime": 1749781390214,
      "eventTime": 1749781390214,
      "tag": [],
      "group": []
    },
    {
      "nrn": "nrn:GOV:VPCServer:KR:9248:Snapshot/101748081",
      "platformType": "VPC",
      "productName": "VPCServer",
      "productDisplayName": "Server",
      "regionCode": "KR",
      "regionDisplayName": "KR",
      "resourceType": "Snapshot",
      "resourceId": "101748081",
      "resourceName": "n1975d853541ejca",
      "createTime": 1749620700607,
      "eventTime": 1749621338721,
      "tag": [],
      "group": []
    },
    {
      "nrn": "nrn:GOV:VPCLoadBalancer:KR:9248:LoadBalancer/101652480",
      "pl...
2026-04-17 13:24:19,033 - __main__ - INFO - ============================================================
2026-04-17 13:24:19,033 - __main__ - INFO - 네이버 클라우드 플랫폼 월간 리포트 생성 프로그램 시작
2026-04-17 13:24:19,033 - __main__ - INFO - ============================================================
2026-04-17 13:24:19,035 - utils.common_rest - INFO - [API Request] POST https://resourcemanager.apigw.gov-ntruss.com/api/v1/resources
2026-04-17 13:24:19,035 - utils.common_rest - INFO -   - Request Body (JSON): {'page': 3, 'size': 300}
2026-04-17 13:24:20,062 - utils.common_rest - INFO - [API Response] Status: 200
2026-04-17 13:24:20,065 - utils.common_rest - INFO -   - Response Type: Dict
2026-04-17 13:24:20,066 - utils.common_rest - INFO -   - Response Keys: ['items', 'page', 'size', 'itemCount', 'hasMore']
2026-04-17 13:24:20,067 - utils.common_rest - INFO -   - Response Body (first 1000 chars): {
  "items": [
    {
      "nrn": "nrn:GOV:VPCLoadBalancer:KR:9248:TargetGroup/1174007",
      "platformType": "VPC",
      "productName": "VPCLoadBalancer",
      "productDisplayName": "Load Balancer",
      "regionCode": "KR",
      "regionDisplayName": "KR",
      "resourceType": "TargetGroup",
      "resourceId": "1174007",
      "resourceName": "tg-hangeul-http",
      "createTime": 1720146211238,
      "eventTime": 1720146398129,
      "tag": [],
      "group": []
    },
    {
      "nrn": "nrn:GOV:VPCLoadBalancer:KR:9248:Rule/80961",
      "platformType": "VPC",
      "productName": "VPCLoadBalancer",
      "productDisplayName": "Load Balancer",
      "regionCode": "KR",
      "regionDisplayName": "KR",
      "resourceType": "Rule",
      "resourceId": "80961",
      "resourceName": "Rule",
      "createTime": 1720146398125,
      "eventTime": 1720146398125,
      "tag": [],
      "group": []
    },
    {
      "nrn": "nrn:GOV:VPCLoadBalancer:KR:9248:Listener/56702",
      "plat...
2026-04-17 13:25:56,417 - __main__ - INFO - ============================================================
2026-04-17 13:25:56,422 - __main__ - INFO - 네이버 클라우드 플랫폼 월간 리포트 생성 프로그램 시작
2026-04-17 13:25:56,423 - __main__ - INFO - ============================================================
2026-04-17 13:25:56,423 - utils.common_rest - INFO - [API Request] POST https://resourcemanager.apigw.gov-ntruss.com/api/v1/resources
2026-04-17 13:25:56,424 - utils.common_rest - INFO -   - Request Body (JSON): {'page': 4, 'size': 300}
2026-04-17 13:25:57,450 - utils.common_rest - INFO - [API Response] Status: 200
2026-04-17 13:25:57,452 - utils.common_rest - INFO -   - Response Type: Dict
2026-04-17 13:25:57,452 - utils.common_rest - INFO -   - Response Keys: ['items', 'page', 'size', 'itemCount', 'hasMore']
2026-04-17 13:25:57,453 - utils.common_rest - INFO -   - Response Body (first 1000 chars): {
  "items": [
    {
      "nrn": "nrn:GOV:VPCBackup:KR:9248:Policy/1163",
      "platformType": "VPC",
      "productName": "VPCBackup",
      "productDisplayName": "Backup",
      "regionCode": "KR",
      "regionDisplayName": "KR",
      "resourceType": "Policy",
      "resourceId": "1163",
      "resourceName": "kims-was-nas-handy-preview",
      "createTime": 1686634465718,
      "eventTime": 1686634465530,
      "tag": [],
      "group": []
    },
    {
      "nrn": "nrn:GOV:VPCBackup:KR:9248:Policy/1162",
      "platformType": "VPC",
      "productName": "VPCBackup",
      "productDisplayName": "Backup",
      "regionCode": "KR",
      "regionDisplayName": "KR",
      "resourceType": "Policy",
      "resourceId": "1162",
      "resourceName": "kims-was-nas-handy-hoffice",
      "createTime": 1686634460487,
      "eventTime": 1686634460271,
      "tag": [],
      "group": []
    },
    {
      "nrn": "nrn:GOV:VPCBackup:KR:9248:Policy/1161",
      "platformType": "VPC",
      "pro...
2026-04-17 13:28:35,619 - __main__ - INFO - ============================================================
2026-04-17 13:28:35,620 - __main__ - INFO - 네이버 클라우드 플랫폼 월간 리포트 생성 프로그램 시작
2026-04-17 13:28:35,620 - __main__ - INFO - ============================================================
2026-04-17 13:28:35,621 - utils.common_rest - INFO - [API Request] POST https://resourcemanager.apigw.gov-ntruss.com/api/v1/resources
2026-04-17 13:28:35,621 - utils.common_rest - INFO -   - Request Body (JSON): {'page': 5, 'size': 300}
2026-04-17 13:28:36,292 - utils.common_rest - INFO - [API Response] Status: 200
2026-04-17 13:28:36,293 - utils.common_rest - INFO -   - Response Type: Dict
2026-04-17 13:28:36,293 - utils.common_rest - INFO -   - Response Keys: ['items', 'page', 'size', 'itemCount', 'hasMore']
2026-04-17 13:28:36,294 - utils.common_rest - INFO -   - Response Body (first 1000 chars): {
  "items": [
    {
      "nrn": "nrn:GOV:VPCLoadBalancer:KR:9248:LoadBalancer/1383429",
      "platformType": "VPC",
      "productName": "VPCLoadBalancer",
      "productDisplayName": "Load Balancer",
      "regionCode": "KR",
      "regionDisplayName": "KR",
      "resourceType": "LoadBalancer",
      "resourceId": "1383429",
      "resourceName": "prod-tbweb-lb",
      "createTime": 1672727600404,
      "eventTime": 1672984301159,
      "tag": [],
      "group": []
    },
    {
      "nrn": "nrn:GOV:VPC:KR:9248:Subnet/13172",
      "platformType": "VPC",
      "productName": "VPC",
      "productDisplayName": "VPC",
      "regionCode": "KR",
      "regionDisplayName": "KR",
      "resourceType": "Subnet",
      "resourceId": "13172",
      "resourceName": "prd-kice-lb",
      "createTime": 1672722437151,
      "eventTime": 1672722444105,
      "tag": [],
      "group": []
    },
    {
      "nrn": "nrn:GOV:VPCServer:KR:9248:Storage/1338531",
      "platformType": "VPC",
      "pro...
2026-04-17 14:07:46,130 - __main__ - INFO - ============================================================
2026-04-17 14:07:46,130 - __main__ - INFO - 네이버 클라우드 플랫폼 월간 리포트 생성 프로그램 시작
2026-04-17 14:07:46,130 - __main__ - INFO - ============================================================
2026-04-17 14:07:46,131 - utils.common_rest - INFO - [API Request] POST https://resourcemanager.apigw.gov-ntruss.com/api/v1/resources
2026-04-17 14:07:46,131 - utils.common_rest - INFO -   - Request Body (JSON): {'page': 5, 'size': 300}
2026-04-17 14:07:46,668 - utils.common_rest - INFO - [API Response] Status: 200
2026-04-17 14:07:46,669 - utils.common_rest - INFO -   - Response Type: Dict
2026-04-17 14:07:46,669 - utils.common_rest - INFO -   - Response Keys: ['items', 'page', 'size', 'itemCount', 'hasMore']
2026-04-17 14:07:46,669 - utils.common_rest - INFO -   - Response Body: {
  "items": [],
  "page": 5,
  "size": 300,
  "itemCount": 0,
  "hasMore": false
}
2026-04-17 14:08:01,325 - __main__ - INFO - ============================================================
2026-04-17 14:08:01,325 - __main__ - INFO - 네이버 클라우드 플랫폼 월간 리포트 생성 프로그램 시작
2026-04-17 14:08:01,326 - __main__ - INFO - ============================================================
2026-04-17 14:08:01,326 - utils.common_rest - INFO - [API Request] POST https://resourcemanager.apigw.gov-ntruss.com/api/v1/resources
2026-04-17 14:08:01,326 - utils.common_rest - INFO -   - Request Body (JSON): {'size': 300}
2026-04-17 14:08:02,352 - utils.common_rest - INFO - [API Response] Status: 200
2026-04-17 14:08:02,355 - utils.common_rest - INFO -   - Response Type: Dict
2026-04-17 14:08:02,355 - utils.common_rest - INFO -   - Response Keys: ['items', 'pageIndex', 'size', 'itemCount', 'hasMore']
2026-04-17 14:08:02,357 - utils.common_rest - INFO -   - Response Body (first 1000 chars): {
  "items": [
    {
      "nrn": "nrn:GOV:IAM::9277:SubAccount/f8eacd40-9e82-11f0-a75c-005056a7aca7",
      "platformType": "BOTH",
      "productName": "IAM",
      "productDisplayName": "Sub Account",
      "regionCode": "",
      "regionDisplayName": "Global",
      "resourceType": "SubAccount",
      "resourceId": "f8eacd40-9e82-11f0-a75c-005056a7aca7",
      "resourceName": "clabi",
      "createTime": 1759294580997,
      "eventTime": 1776402428707,
      "tag": [],
      "group": []
    },
    {
      "nrn": "nrn:GOV:GlobalDNS::9277:Record/15912_2296900",
      "platformType": "BOTH",
      "productName": "GlobalDNS",
      "productDisplayName": "Global DNS",
      "regionCode": "",
      "regionDisplayName": "Global",
      "resourceType": "Record",
      "resourceId": "15912_2296900",
      "resourceName": "_8423af96aab67dfd7342800f6ae50888.bigdata-realestate.kr",
      "createTime": 1766369813126,
      "eventTime": 1776367078270,
      "tag": [],
      "group": []
    },
  ...
2026-04-17 14:08:46,003 - __main__ - INFO - ============================================================
2026-04-17 14:08:46,004 - __main__ - INFO - 네이버 클라우드 플랫폼 월간 리포트 생성 프로그램 시작
2026-04-17 14:08:46,004 - __main__ - INFO - ============================================================
2026-04-17 14:08:46,005 - utils.common_rest - INFO - [API Request] POST https://resourcemanager.apigw.gov-ntruss.com/api/v1/resources
2026-04-17 14:08:46,006 - utils.common_rest - INFO -   - Request Body (JSON): {'page': 1, 'size': 300}
2026-04-17 14:08:46,704 - utils.common_rest - INFO - [API Response] Status: 200
2026-04-17 14:08:46,705 - utils.common_rest - INFO -   - Response Type: Dict
2026-04-17 14:08:46,705 - utils.common_rest - INFO -   - Response Keys: ['items', 'page', 'size', 'itemCount', 'hasMore']
2026-04-17 14:08:46,706 - utils.common_rest - INFO -   - Response Body (first 1000 chars): {
  "items": [
    {
      "nrn": "nrn:GOV:VPCCloudDBforPostgreSQL:KR:9277:Server/1341925",
      "platformType": "VPC",
      "productName": "VPCCloudDBforPostgreSQL",
      "productDisplayName": "Cloud DB for PostgreSQL",
      "regionCode": "KR",
      "regionDisplayName": "KR",
      "resourceType": "Server",
      "resourceId": "1341925",
      "resourceName": "rebpdb-dev/reb-bp-dev-db-001-icg",
      "createTime": 1670488066000,
      "eventTime": 1674122779000,
      "tag": [],
      "group": []
    },
    {
      "nrn": "nrn:GOV:VPCLoadBalancer:KR:9277:Rule/17637",
      "platformType": "VPC",
      "productName": "VPCLoadBalancer",
      "productDisplayName": "Load Balancer",
      "regionCode": "KR",
      "regionDisplayName": "KR",
      "resourceType": "Rule",
      "resourceId": "17637",
      "resourceName": "Rule",
      "createTime": 1673266031644,
      "eventTime": 1673266031644,
      "tag": [],
      "group": []
    },
    {
      "nrn": "nrn:GOV:VPCLoadBalancer:KR:...
2026-04-17 14:19:15,822 - __main__ - INFO - ============================================================
2026-04-17 14:19:15,822 - __main__ - INFO - 네이버 클라우드 플랫폼 월간 리포트 생성 프로그램 시작
2026-04-17 14:19:15,823 - __main__ - INFO - ============================================================
2026-04-17 14:19:15,823 - utils.common_rest - INFO - [API Request] POST https://resourcemanager.apigw.gov-ntruss.com/api/v1/resources
2026-04-17 14:19:15,824 - utils.common_rest - INFO -   - Request Body (JSON): {'page': 1, 'size': 300}
2026-04-17 14:19:16,346 - utils.common_rest - INFO - [API Response] Status: 200
2026-04-17 14:19:16,347 - utils.common_rest - INFO -   - Response Type: Dict
2026-04-17 14:19:16,347 - utils.common_rest - INFO -   - Response Keys: ['items', 'page', 'size', 'itemCount', 'hasMore']
2026-04-17 14:19:16,348 - utils.common_rest - INFO -   - Response Body: {
  "items": [],
  "page": 1,
  "size": 300,
  "itemCount": 0,
  "hasMore": false
}
2026-04-17 14:22:12,583 - __main__ - INFO - ============================================================
2026-04-17 14:22:12,583 - __main__ - INFO - 네이버 클라우드 플랫폼 월간 리포트 생성 프로그램 시작
2026-04-17 14:22:12,583 - __main__ - INFO - ============================================================
2026-04-17 14:22:12,584 - utils.common_rest - INFO - [API Request] POST https://resourcemanager.apigw.gov-ntruss.com/api/v1/resources
2026-04-17 14:22:12,584 - utils.common_rest - INFO -   - Request Body (JSON): {'page': 1, 'size': 300}
2026-04-17 14:22:13,221 - utils.common_rest - INFO - [API Response] Status: 200
2026-04-17 14:22:13,221 - utils.common_rest - INFO -   - Response Type: Dict
2026-04-17 14:22:13,221 - utils.common_rest - INFO -   - Response Keys: ['items', 'page', 'size', 'itemCount', 'hasMore']
2026-04-17 14:22:13,222 - utils.common_rest - INFO -   - Response Body: {
  "items": [],
  "page": 1,
  "size": 300,
  "itemCount": 0,
  "hasMore": false
}
2026-04-17 14:22:26,451 - __main__ - INFO - ============================================================
2026-04-17 14:22:26,451 - __main__ - INFO - 네이버 클라우드 플랫폼 월간 리포트 생성 프로그램 시작
2026-04-17 14:22:26,451 - __main__ - INFO - ============================================================
2026-04-17 14:22:26,452 - utils.common_rest - INFO - [API Request] POST https://resourcemanager.apigw.gov-ntruss.com/api/v1/resources
2026-04-17 14:22:26,452 - utils.common_rest - INFO -   - Request Body (JSON): {'page': 1, 'size': 300}
2026-04-17 14:22:26,994 - utils.common_rest - INFO - [API Response] Status: 200
2026-04-17 14:22:26,995 - utils.common_rest - INFO -   - Response Type: Dict
2026-04-17 14:22:26,996 - utils.common_rest - INFO -   - Response Keys: ['items', 'page', 'size', 'itemCount', 'hasMore']
2026-04-17 14:22:26,996 - utils.common_rest - INFO -   - Response Body: {
  "items": [],
  "page": 1,
  "size": 300,
  "itemCount": 0,
  "hasMore": false
}
2026-04-17 14:23:44,816 - __main__ - INFO - ============================================================
2026-04-17 14:23:44,816 - __main__ - INFO - 네이버 클라우드 플랫폼 월간 리포트 생성 프로그램 시작
2026-04-17 14:23:44,816 - __main__ - INFO - ============================================================
2026-04-17 14:23:44,817 - utils.common_rest - INFO - [API Request] POST https://resourcemanager.apigw.gov-ntruss.com/api/v1/resources
2026-04-17 14:23:44,817 - utils.common_rest - INFO -   - Request Body (JSON): {'size': 300}
2026-04-17 14:23:45,507 - utils.common_rest - INFO - [API Response] Status: 200
2026-04-17 14:23:45,508 - utils.common_rest - INFO -   - Response Type: Dict
2026-04-17 14:23:45,508 - utils.common_rest - INFO -   - Response Keys: ['items', 'pageIndex', 'size', 'itemCount', 'hasMore']
2026-04-17 14:23:45,509 - utils.common_rest - INFO -   - Response Body (first 1000 chars): {
  "items": [
    {
      "nrn": "nrn:GOV:IAM::9391:SubAccount/7a93eb20-9575-11ed-9ebb-005056a73730",
      "platformType": "BOTH",
      "productName": "IAM",
      "productDisplayName": "Sub Account",
      "regionCode": "",
      "regionDisplayName": "Global",
      "resourceType": "SubAccount",
      "resourceId": "7a93eb20-9575-11ed-9ebb-005056a73730",
      "resourceName": "clabi",
      "createTime": 1673856732153,
      "eventTime": 1776403286896,
      "tag": [],
      "group": []
    },
    {
      "nrn": "nrn:GOV:Account::9391:MFA/a2600@korea.kr",
      "platformType": "BOTH",
      "productName": "Account",
      "productDisplayName": "Account",
      "regionCode": "",
      "regionDisplayName": "Global",
      "resourceType": "MFA",
      "resourceId": "a2600@korea.kr",
      "resourceName": "a2600@korea.kr",
      "createTime": 1775537456698,
      "eventTime": 1775537456541,
      "tag": [],
      "group": []
    },
    {
      "nrn": "nrn:GOV:CloudInsight::9391:EventRu...
2026-04-17 14:25:34,949 - __main__ - INFO - ============================================================
2026-04-17 14:25:34,949 - __main__ - INFO - 네이버 클라우드 플랫폼 월간 리포트 생성 프로그램 시작
2026-04-17 14:25:34,949 - __main__ - INFO - ============================================================
2026-04-17 14:25:34,950 - utils.common_rest - INFO - [API Request] POST https://resourcemanager.apigw.gov-ntruss.com/api/v1/resources
2026-04-17 14:25:34,950 - utils.common_rest - INFO -   - Request Body (JSON): {'size': 300}
2026-04-17 14:25:35,599 - utils.common_rest - INFO - [API Response] Status: 200
2026-04-17 14:25:35,599 - utils.common_rest - INFO -   - Response Type: Dict
2026-04-17 14:25:35,600 - utils.common_rest - INFO -   - Response Keys: ['items', 'pageIndex', 'size', 'itemCount', 'hasMore']
2026-04-17 14:25:35,600 - utils.common_rest - INFO -   - Response Body (first 1000 chars): {
  "items": [
    {
      "nrn": "nrn:GOV:IAM::9298:SubAccount/b3ea3c90-f577-11ee-b57b-005056a7aca7",
      "platformType": "BOTH",
      "productName": "IAM",
      "productDisplayName": "Sub Account",
      "regionCode": "",
      "regionDisplayName": "Global",
      "resourceType": "SubAccount",
      "resourceId": "b3ea3c90-f577-11ee-b57b-005056a7aca7",
      "resourceName": "clabi",
      "createTime": 1712560496608,
      "eventTime": 1776403110371,
      "tag": [],
      "group": []
    },
    {
      "nrn": "nrn:GOV:IAM::9298:MFA/kice",
      "platformType": "BOTH",
      "productName": "IAM",
      "productDisplayName": "Sub Account",
      "regionCode": "",
      "regionDisplayName": "Global",
      "resourceType": "MFA",
      "resourceId": "kice",
      "resourceName": "정보보안 이정현 선생님",
      "createTime": 1741651964134,
      "eventTime": 1741651964014,
      "tag": [],
      "group": []
    },
    {
      "nrn": "nrn:GOV:IAM::9298:SubAccount/f0480890-fe0c-11ef-952a-005056a...
2026-04-17 16:59:38,975 - __main__ - INFO - ============================================================
2026-04-17 16:59:38,976 - __main__ - INFO - 네이버 클라우드 플랫폼 월간 리포트 생성 프로그램 시작
2026-04-17 16:59:38,976 - __main__ - INFO - ============================================================
2026-04-17 16:59:38,977 - utils.common_rest - INFO - [API Request] POST https://resourcemanager.apigw.gov-ntruss.com/api/v1/resources
2026-04-17 16:59:38,978 - utils.common_rest - INFO -   - Request Body (JSON): {'size': 300}
2026-04-17 16:59:39,967 - utils.common_rest - WARNING - Request failed (attempt 1/3): 401 Client Error: Unauthorized for url: https://resourcemanager.apigw.gov-ntruss.com/api/v1/resources
2026-04-17 16:59:39,968 - utils.common_rest - INFO - Retrying in 1 seconds...
2026-04-17 16:59:41,279 - utils.common_rest - WARNING - Request failed (attempt 2/3): 401 Client Error: Unauthorized for url: https://resourcemanager.apigw.gov-ntruss.com/api/v1/resources
2026-04-17 16:59:41,280 - utils.common_rest - INFO - Retrying in 2 seconds...
2026-04-17 16:59:43,305 - utils.common_rest - ERROR - Request failed after 3 attempts: 401 Client Error: Unauthorized for url: https://resourcemanager.apigw.gov-ntruss.com/api/v1/resources
2026-04-17 16:59:57,040 - __main__ - INFO - ============================================================
2026-04-17 16:59:57,041 - __main__ - INFO - 네이버 클라우드 플랫폼 월간 리포트 생성 프로그램 시작
2026-04-17 16:59:57,041 - __main__ - INFO - ============================================================
2026-04-17 16:59:57,041 - utils.common_rest - INFO - [API Request] POST https://resourcemanager.apigw.ntruss.com/api/v1/resources
2026-04-17 16:59:57,042 - utils.common_rest - INFO -   - Request Body (JSON): {'size': 300}
2026-04-17 16:59:58,391 - utils.common_rest - INFO - [API Response] Status: 200
2026-04-17 16:59:58,395 - utils.common_rest - INFO -   - Response Type: Dict
2026-04-17 16:59:58,396 - utils.common_rest - INFO -   - Response Keys: ['items', 'pageIndex', 'size', 'itemCount', 'hasMore']
2026-04-17 16:59:58,398 - utils.common_rest - INFO -   - Response Body (first 1000 chars): {
  "items": [
    {
      "nrn": "nrn:PUB:IAM::3688149:SubAccount/ae197560-39f9-11f1-88fe-005056a79369",
      "platformType": "BOTH",
      "productName": "IAM",
      "productDisplayName": "Sub Account",
      "regionCode": "",
      "regionDisplayName": "Global",
      "resourceType": "SubAccount",
      "resourceId": "ae197560-39f9-11f1-88fe-005056a79369",
      "resourceName": "clabi",
      "createTime": 1776387995888,
      "eventTime": 1776412726861,
      "tag": [],
      "group": []
    },
    {
      "nrn": "nrn:PUB:ContainerRegistry:KR:3688149:Image/bubblechat/grpc-ai/stg-de4d87a",
      "platformType": "BOTH",
      "productName": "ContainerRegistry",
      "productDisplayName": "Container Registry",
      "regionCode": "KR",
      "regionDisplayName": "KR",
      "resourceType": "Image",
      "resourceId": "bubblechat/grpc-ai/stg-de4d87a",
      "resourceName": "bubblechat/grpc-ai/stg-de4d87a",
      "createTime": 1776412050964,
      "eventTime": 1776412050964,
      "...
2026-04-17 17:00:47,438 - __main__ - INFO - ============================================================
2026-04-17 17:00:47,438 - __main__ - INFO - 네이버 클라우드 플랫폼 월간 리포트 생성 프로그램 시작
2026-04-17 17:00:47,438 - __main__ - INFO - ============================================================
2026-04-17 17:00:47,439 - utils.common_rest - INFO - [API Request] POST https://resourcemanager.apigw.ntruss.com/api/v1/resources
2026-04-17 17:00:47,439 - utils.common_rest - INFO -   - Request Body (JSON): {'page': 1, 'size': 300}
2026-04-17 17:00:48,792 - utils.common_rest - INFO - [API Response] Status: 200
2026-04-17 17:00:48,797 - utils.common_rest - INFO -   - Response Type: Dict
2026-04-17 17:00:48,798 - utils.common_rest - INFO -   - Response Keys: ['items', 'page', 'size', 'itemCount', 'hasMore']
2026-04-17 17:00:48,801 - utils.common_rest - INFO -   - Response Body (first 1000 chars): {
  "items": [
    {
      "nrn": "nrn:PUB:VPCServer:KR:3688149:NetworkInterface/5585275",
      "platformType": "VPC",
      "productName": "VPCServer",
      "productDisplayName": "Server",
      "regionCode": "KR",
      "regionDisplayName": "KR",
      "resourceType": "NetworkInterface",
      "resourceId": "5585275",
      "resourceName": "nic-5585275",
      "createTime": 1776042290616,
      "eventTime": 1776042321975,
      "tag": [],
      "group": []
    },
    {
      "nrn": "nrn:PUB:VPCServer:KR:3688149:NetworkInterface/5585274",
      "platformType": "VPC",
      "productName": "VPCServer",
      "productDisplayName": "Server",
      "regionCode": "KR",
      "regionDisplayName": "KR",
      "resourceType": "NetworkInterface",
      "resourceId": "5585274",
      "resourceName": "nic-5585274",
      "createTime": 1776042290305,
      "eventTime": 1776042321727,
      "tag": [],
      "group": []
    },
    {
      "nrn": "nrn:PUB:VPCServer:KR:3688149:NetworkInterface/55852...
2026-04-17 18:12:50,166 - __main__ - INFO - ============================================================
2026-04-17 18:12:50,166 - __main__ - INFO - 네이버 클라우드 플랫폼 월간 리포트 생성 프로그램 시작
2026-04-17 18:12:50,167 - __main__ - INFO - ============================================================
2026-04-17 18:12:50,167 - utils.common_rest - INFO - [API Request] POST https://resourcemanager.apigw.ntruss.com/api/v1/resources
2026-04-17 18:12:50,167 - utils.common_rest - INFO -   - Request Body (JSON): {'page': 1, 'size': 300}
2026-04-17 18:12:50,706 - utils.common_rest - INFO - [API Response] Status: 200
2026-04-17 18:12:50,707 - utils.common_rest - INFO -   - Response Type: Dict
2026-04-17 18:12:50,707 - utils.common_rest - INFO -   - Response Keys: ['items', 'page', 'size', 'itemCount', 'hasMore']
2026-04-17 18:12:50,707 - utils.common_rest - INFO -   - Response Body: {
  "items": [],
  "page": 1,
  "size": 300,
  "itemCount": 0,
  "hasMore": false
}
2026-04-17 18:13:49,157 - __main__ - INFO - ============================================================
2026-04-17 18:13:49,157 - __main__ - INFO - 네이버 클라우드 플랫폼 월간 리포트 생성 프로그램 시작
2026-04-17 18:13:49,157 - __main__ - INFO - ============================================================
2026-04-17 18:13:49,158 - utils.common_rest - INFO - [API Request] POST https://resourcemanager.apigw.ntruss.com/api/v1/resources
2026-04-17 18:13:49,158 - utils.common_rest - INFO -   - Request Body (JSON): {'size': 300}
2026-04-17 18:13:49,695 - utils.common_rest - INFO - [API Response] Status: 200
2026-04-17 18:13:49,695 - utils.common_rest - INFO -   - Response Type: Dict
2026-04-17 18:13:49,695 - utils.common_rest - INFO -   - Response Keys: ['items', 'pageIndex', 'size', 'itemCount', 'hasMore']
2026-04-17 18:13:49,696 - utils.common_rest - INFO -   - Response Body (first 1000 chars): {
  "items": [
    {
      "nrn": "nrn:PUB:IAM::3695906:SubAccount/814f96b0-3a1f-11f1-a4e9-0ad5d6bd0000",
      "platformType": "BOTH",
      "productName": "IAM",
      "productDisplayName": "Sub Account",
      "regionCode": "",
      "regionDisplayName": "Global",
      "resourceType": "SubAccount",
      "resourceId": "814f96b0-3a1f-11f1-a4e9-0ad5d6bd0000",
      "resourceName": "clabi",
      "createTime": 1776404241473,
      "eventTime": 1776417121000,
      "tag": [],
      "group": []
    },
    {
      "nrn": "nrn:PUB:IAM::3695906:MFA/clabi",
      "platformType": "BOTH",
      "productName": "IAM",
      "productDisplayName": "Sub Account",
      "regionCode": "",
      "regionDisplayName": "Global",
      "resourceType": "MFA",
      "resourceId": "clabi",
      "resourceName": "클라비",
      "createTime": 1776417077031,
      "eventTime": 1776417076908,
      "tag": [],
      "group": []
    },
    {
      "nrn": "nrn:PUB:IAM::3695906:SubAccount/a11f5b60-3a1f-11f1-9559-00505...
2026-04-20 10:43:17,887 - __main__ - INFO - ============================================================
2026-04-20 10:43:17,888 - __main__ - INFO - 네이버 클라우드 플랫폼 월간 리포트 생성 프로그램 시작
2026-04-20 10:43:17,888 - __main__ - INFO - ============================================================
2026-04-20 10:43:17,889 - utils.common_rest - INFO - [API Request] POST https://resourcemanager.apigw.ntruss.com/api/v1/resources
2026-04-20 10:43:17,890 - utils.common_rest - INFO -   - Request Body (JSON): {'size': 300}
2026-04-20 10:43:18,798 - utils.common_rest - WARNING - Request failed (attempt 1/3): 401 Client Error: Unauthorized for url: https://resourcemanager.apigw.ntruss.com/api/v1/resources
2026-04-20 10:43:18,799 - utils.common_rest - INFO - Retrying in 1 seconds...
2026-04-20 10:43:19,838 - utils.common_rest - WARNING - Request failed (attempt 2/3): 401 Client Error: Unauthorized for url: https://resourcemanager.apigw.ntruss.com/api/v1/resources
2026-04-20 10:43:19,838 - utils.common_rest - INFO - Retrying in 2 seconds...
2026-04-20 10:43:21,868 - utils.common_rest - ERROR - Request failed after 3 attempts: 401 Client Error: Unauthorized for url: https://resourcemanager.apigw.ntruss.com/api/v1/resources
2026-04-20 10:44:11,637 - __main__ - INFO - ============================================================
2026-04-20 10:44:11,638 - __main__ - INFO - 네이버 클라우드 플랫폼 월간 리포트 생성 프로그램 시작
2026-04-20 10:44:11,638 - __main__ - INFO - ============================================================
2026-04-20 10:44:11,639 - utils.common_rest - INFO - [API Request] POST https://resourcemanager.apigw.gov-ntruss.com/api/v1/resources
2026-04-20 10:44:11,640 - utils.common_rest - INFO -   - Request Body (JSON): {'size': 300}
2026-04-20 10:44:13,188 - utils.common_rest - INFO - [API Response] Status: 200
2026-04-20 10:44:13,192 - utils.common_rest - INFO -   - Response Type: Dict
2026-04-20 10:44:13,193 - utils.common_rest - INFO -   - Response Keys: ['items', 'pageIndex', 'size', 'itemCount', 'hasMore']
2026-04-20 10:44:13,195 - utils.common_rest - INFO -   - Response Body (first 1000 chars): {
  "items": [
    {
      "nrn": "nrn:GOV:IAM::9398:SubAccount/bfcda0b0-d3cf-11ef-b309-005056a73730",
      "platformType": "BOTH",
      "productName": "IAM",
      "productDisplayName": "Sub Account",
      "regionCode": "",
      "regionDisplayName": "Global",
      "resourceType": "SubAccount",
      "resourceId": "bfcda0b0-d3cf-11ef-b309-005056a73730",
      "resourceName": "clabi",
      "createTime": 1737007470355,
      "eventTime": 1776649333016,
      "tag": [],
      "group": []
    },
    {
      "nrn": "nrn:GOV:VPCServer:KR:9398:ACG/85667",
      "platformType": "VPC",
      "productName": "VPCServer",
      "productDisplayName": "Server",
      "regionCode": "KR",
      "regionDisplayName": "KR",
      "resourceType": "ACG",
      "resourceId": "85667",
      "resourceName": "acg-sj-portal-was",
      "createTime": 1757307607738,
      "eventTime": 1775634322054,
      "tag": [],
      "group": []
    },
    {
      "nrn": "nrn:GOV:CloudInsight::9398:EventRule/1229135235...
2026-04-20 10:46:49,988 - __main__ - INFO - ============================================================
2026-04-20 10:46:49,989 - __main__ - INFO - 네이버 클라우드 플랫폼 월간 리포트 생성 프로그램 시작
2026-04-20 10:46:49,990 - __main__ - INFO - ============================================================
2026-04-20 10:46:49,992 - utils.common_rest - INFO - [API Request] POST https://resourcemanager.apigw.gov-ntruss.com/api/v1/resources
2026-04-20 10:46:49,993 - utils.common_rest - INFO -   - Request Body (JSON): {'page': 1, 'size': 300}
2026-04-20 10:46:51,156 - utils.common_rest - INFO - [API Response] Status: 200
2026-04-20 10:46:51,159 - utils.common_rest - INFO -   - Response Type: Dict
2026-04-20 10:46:51,159 - utils.common_rest - INFO -   - Response Keys: ['items', 'page', 'size', 'itemCount', 'hasMore']
2026-04-20 10:46:51,161 - utils.common_rest - INFO -   - Response Body (first 1000 chars): {
  "items": [
    {
      "nrn": "nrn:GOV:CertificateManager::9398:Certificate/External/26942",
      "platformType": "BOTH",
      "productName": "CertificateManager",
      "productDisplayName": "Certificate Manager",
      "regionCode": "",
      "regionDisplayName": "Global",
      "resourceType": "Certificate",
      "resourceId": "External/26942",
      "resourceName": "sejong-or-kr-2026",
      "createTime": 1753247503000,
      "eventTime": 1753247503000,
      "tag": [],
      "group": []
    },
    {
      "nrn": "nrn:GOV:VPCServer:KR:9398:ACG/22164",
      "platformType": "VPC",
      "productName": "VPCServer",
      "productDisplayName": "Server",
      "regionCode": "KR",
      "regionDisplayName": "KR",
      "resourceType": "ACG",
      "resourceId": "22164",
      "resourceName": "acg-sj-ubermng",
      "createTime": 1677735159539,
      "eventTime": 1747271689581,
      "tag": [],
      "group": []
    },
    {
      "nrn": "nrn:GOV:VPCServer::9398:LoginKey/ncp-sejon...
2026-04-20 17:28:05,714 - __main__ - INFO - ============================================================
2026-04-20 17:28:05,714 - __main__ - INFO - 네이버 클라우드 플랫폼 월간 리포트 생성 프로그램 시작
2026-04-20 17:28:05,714 - __main__ - INFO - ============================================================
2026-04-20 17:28:05,715 - utils.common_rest - INFO - [API Request] POST https://resourcemanager.apigw.gov-ntruss.com/api/v1/resources
2026-04-20 17:28:05,715 - utils.common_rest - INFO -   - Request Body (JSON): {'size': 300}
2026-04-20 17:28:06,344 - utils.common_rest - INFO - [API Response] Status: 200
2026-04-20 17:28:06,345 - utils.common_rest - INFO -   - Response Type: Dict
2026-04-20 17:28:06,345 - utils.common_rest - INFO -   - Response Keys: ['items', 'pageIndex', 'size', 'itemCount', 'hasMore']
2026-04-20 17:28:06,345 - utils.common_rest - INFO -   - Response Body (first 1000 chars): {
  "items": [
    {
      "nrn": "nrn:GOV:VPC:KR:9619:RouteTable/15093",
      "platformType": "VPC",
      "productName": "VPC",
      "productDisplayName": "VPC",
      "regionCode": "KR",
      "regionDisplayName": "KR",
      "resourceType": "RouteTable",
      "resourceId": "15093",
      "resourceName": "kicefa-webwas-subnet-rt",
      "createTime": 1684917772988,
      "eventTime": 1752199574507,
      "tag": [],
      "group": []
    },
    {
      "nrn": "nrn:GOV:VPC:KR:9619:RouteTable/15095",
      "platformType": "VPC",
      "productName": "VPC",
      "productDisplayName": "VPC",
      "regionCode": "KR",
      "regionDisplayName": "KR",
      "resourceType": "RouteTable",
      "resourceId": "15095",
      "resourceName": "kicefa-lb-subnet-rt",
      "createTime": 1684917844011,
      "eventTime": 1752199557157,
      "tag": [],
      "group": []
    },
    {
      "nrn": "nrn:GOV:VPC:KR:9619:RouteTable/15177",
      "platformType": "VPC",
      "productName": "VPC",
   ...
2026-04-27 11:30:36,054 - __main__ - INFO - ============================================================
2026-04-27 11:30:36,054 - __main__ - INFO - 네이버 클라우드 플랫폼 월간 리포트 생성 프로그램 시작
2026-04-27 11:30:36,055 - __main__ - INFO - ============================================================
2026-04-27 11:30:47,378 - __main__ - INFO - ============================================================
2026-04-27 11:30:47,378 - __main__ - INFO - 네이버 클라우드 플랫폼 월간 리포트 생성 프로그램 시작
2026-04-27 11:30:47,378 - __main__ - INFO - ============================================================
2026-04-27 11:30:47,379 - utils.common_rest - INFO - [API Request] GET https://resourcemanager.apigw.gov-ntruss.com/api/v1/groups
2026-04-27 11:30:47,783 - utils.common_rest - INFO - [API Response] Status: 200
2026-04-27 11:30:47,783 - utils.common_rest - INFO -   - Response Type: Dict
2026-04-27 11:30:47,783 - utils.common_rest - INFO -   - Response Keys: ['items', 'pageIndex', 'pageSize', 'itemCount', 'hasMore']
2026-04-27 11:30:47,784 - utils.common_rest - INFO -   - Response Body: {
  "items": [],
  "pageIndex": 0,
  "pageSize": 20,
  "itemCount": 0,
  "hasMore": false
}
